objid,ra,dec,spiral,elliptical
1237648721216209055,146.811996193846,-0.1900383146915,0,1
1237650795146248369,146.135558007023,-0.682184639025534,0,1
1237650795683381380,146.643586145582,-0.33135213312075,0,1
1237650795683381426,146.69571686309,-0.286946747770551,0,1
1237648720142008580,145.818101273901,-0.878973095843891,0,1
1237648721216078045,146.46890559991,-0.0928280403032654,0,1
1237648721215946868,146.165601142076,-0.0641431119018213,0,1
1237648721215881342,146.05730387255,-0.0970296857105921,0,1
1237650795145986295,145.526234947035,-0.747407536548967,0,1
1237650796219596957,145.193876038736,0.168908419403915,0,1
1237651752384659678,145.598949283983,0.843826746102826,0,1
1237648722289557692,145.969659074809,0.830928027512297,0,1
1237648722289557713,145.992634603744,0.788073236970777,0,1
1237648722289623054,146.020908346966,0.733551670883614,0,1
1237650796219924757,146.004070360421,0.203649247900802,0,1
1237648721752752343,146.144373043195,0.243124832101439,0,1
1237648721752752319,146.078658759667,0.212793816840695,0,1
1237650796220252345,146.694561463995,0.172363517655269,0,1
1237650797294059653,146.816246136973,0.944088514372433,0,1
1237648722290016542,147.031984259282,0.775342387053558,0,1
1237648722290016499,147.021648789342,0.754459845645703,0,1
1237654669735231622,149.160894425126,-0.358016663076952,0,1
1237648721217257621,149.16987755671,-0.0233313956488212,0,1
1237648720143122615,148.384960043677,-0.941452431840223,0,1
1237650795147165899,148.237680975064,-0.79196717766555,0,1
1237648721217126671,148.953647247778,-0.0971220092440175,0,1
1237648721216995421,148.592957183751,-0.19600124719372,0,1
1237654669735035129,148.727918807855,-0.370735736540255,0,1
1237648721216864397,148.345959267818,-0.165999978155525,0,1
1237648720142860587,147.708575257485,-0.887722770108331,0,1
1237648720142729396,147.40811009173,-0.887018383405805,0,1
1237650795683709176,147.470088539874,-0.35133898003661,0,1
1237648720142663798,147.204906665213,-0.887445941039702,0,1
1237651752385380607,147.313452622016,0.897155821845633,0,1
1237648722290147714,147.318381041711,0.821648553054207,0,1
1237648722290278627,147.56857786828,0.706088740541472,0,1
1237651801769967819,147.74001885278,0.615669172320483,0,1
1237648721753538850,147.895255988866,0.255656057398816,0,1
1237648722827280442,147.895864049868,1.11206684666239,0,1
1237651752385708153,148.014343385491,0.871195691366738,0,1
1237651801770164404,148.167450016868,0.530412381093004,0,1
1237648721753669945,148.233392587534,0.357718659671095,0,1
1237650796757844174,148.376795824283,0.448627460090094,0,1
1237648721753997510,148.879627199226,0.354850328248901,0,1
1237654670808776857,148.732554668501,0.441040604086594,0,1
1237648722290737224,148.60078217323,0.823710170827705,0,1
1237651801233752176,149.19449773961,0.20273027067409,0,1
1237648720143843470,149.999032228241,-0.869149458440511,0,1
1237648720680779989,150.190748527616,-0.614745491181583,0,1
1237648721217781869,150.470614828174,-0.125152171985903,0,1
1237651800697405703,150.45621817849,-0.308622148434092,0,1
1237651800160272480,149.805943033279,-0.643386979925462,0,1
1237648721217716483,150.297003559416,-0.133472685723812,0,1
1237648721217716302,150.28976277301,-0.0795036304952191,0,1
1237651801234276482,150.363788718501,0.103116349078086,0,1
1237654669198557348,149.646771283386,-0.83694635488095,0,1
1237648720143712324,149.654673480524,-0.92950537317698,0,1
1237654669198557396,149.675505369187,-0.806251548551031,0,1
1237654670272495891,150.09944736951,0.0143410058105026,0,1
1237648721217651032,150.171926763149,-0.0811538509093812,0,1
1237651800697143648,149.881401542698,-0.256547518016396,0,1
1237651800697208965,149.897604858835,-0.305117099326777,0,1
1237648721217519847,149.838016160955,-0.0996403737528922,0,1
1237648721217519819,149.807150603612,-0.124320853322496,0,1
1237648721217519783,149.774982593603,-0.146573438602821,0,1
1237648721217519748,149.745692245817,-0.206072184187622,0,1
1237654669735428285,149.588505115138,-0.335616620507949,0,1
1237648721217454285,149.653703921135,-0.0285606493322157,0,1
1237651800160010428,149.164093291762,-0.701193744582743,0,1
1237651800697012353,149.447841870861,-0.302902872126804,0,1
1237654669735362781,149.42404081114,-0.354885912350587,0,1
1237654670272168112,149.288736892682,0.0091466015070963,0,1
1237648721217192171,149.046199473057,-0.0776232423474475,0,1
1237648721753932012,148.80375340849,0.284823322287806,0,1
1237648721754128529,149.214166621758,0.208799417383325,0,1
1237648721754062996,149.005777438575,0.358014762809898,0,1
1237650795683381471,146.729687667218,-0.259671372499584,0,1
1237651752921792685,146.206295735387,1.14829020130248,0,1
1237651752921792753,146.226883267676,1.24525010172753,0,1
1237650796756664459,145.651897608029,0.469140962906345,0,1
1237648720141746455,145.207375791509,-0.863077857877325,0,1
1237648720678879348,145.722038785159,-0.527143419724582,0,1
1237650795683381472,146.737131268316,-0.25220191232164,0,1
1237653663647727721,148.781634345901,1.01658234536022,0,1
1237650796757319865,147.180091123858,0.429634757493588,0,1
1237651752385249517,146.902072628484,0.899749377046136,0,1
1237650796220186819,146.588824133516,0.172610229106677,0,1
1237650796756795418,145.947802337301,0.465303809566206,0,1
1237650795683578072,147.220722590579,-0.293141037603876,0,1
1237651752386298007,149.324627844165,0.982624436279045,0,1
1237651752386298094,149.438042446093,0.86149895096359,0,1
1237651752386298087,149.427246801207,0.911270784209763,0,1
1237648721754325237,149.613469902888,0.382478783209481,0,1
1237648721754456209,149.898326307334,0.345465370372063,0,1
1237651801771016391,150.132075494384,0.548958804046096,0,1
1237648721754456298,150.029154241836,0.219381806697967,0,1
1237648721754521800,150.107961826174,0.233560308128175,0,1
1237651752386691219,150.282336332176,0.853217998119072,0,1
1237648722291327155,149.948730510357,0.818812507287487,0,1
1237654670809432214,150.195971826996,0.49961508246972,0,1
1237651801771147421,150.452725715974,0.539881503658594,0,1
1237648721218437217,151.970425560973,-0.153763342953848,0,1
1237648720681566475,151.925599061405,-0.551577086580434,0,1
1237648720144433323,151.363172570916,-0.874616542700249,0,1
1237648721218371781,151.773279273065,-0.19356383474225,0,1
1237654669736345611,151.66872062299,-0.411426229015854,0,1
1237648721218306165,151.560395895425,-0.168772141635912,0,1
1237648720681304271,151.326063128662,-0.448103995155593,0,1
1237651800160862448,151.221252510227,-0.677094995468758,0,1
1237654670273020092,151.315497771321,0.0696627156122008,0,1
1237651800160927904,151.261637835526,-0.709017108531322,0,1
1237648721218109656,151.237577202538,-0.0235052993285494,0,1
1237651800160927863,151.233788423417,-0.709552532657369,0,1
1237648720681107528,150.924288366158,-0.566871699322211,0,1
1237654670272823422,150.782687297764,0.0451692082030533,0,1
1237654670272888852,150.939444340305,0.0299496182124907,0,1
1237654669198884955,150.395486625344,-0.773975445373154,0,1
1237648720144040025,150.470354083338,-0.878048779652998,0,1
1237651801771212880,150.59392922777,0.5586110239018,0,1
1237651752386756789,150.42172098844,0.965948580762411,0,1
1237651752386756734,150.353631022175,1.0080444424569,0,1
1237648721754783932,150.777919786547,0.32039131311625,0,1
1237654670809694360,150.775870244912,0.45410816684186,0,1
1237654670809694433,150.819146696032,0.490564890938967,0,1
1237651752386887699,150.651414684976,0.847672646689043,0,1
1237651752386822390,150.619172899405,0.891543222343788,0,1
1237654670809760001,150.953716024481,0.486873008503272,0,1
1237648721754915029,151.045494090146,0.24537670287579,0,1
1237654670809825400,151.083448187307,0.476591026153952,0,1
1237651801771475037,151.090895482827,0.534183543288778,0,1
1237651801771475063,151.112888405317,0.523999979770649,0,1
1237648721754980541,151.163865941742,0.281521622466002,0,1
1237651801234604297,151.114957170547,0.142416480236506,0,1
1237648721755046096,151.389400521103,0.29983732033249,0,1
1237651801771540649,151.315105383251,0.610320592647067,0,1
1237648721755373628,152.055393208604,0.383116878713575,0,1
1237651801234997481,152.105038585049,0.175946770113398,0,1
1237651801234997435,152.08675003058,0.16143617823219,0,1
1237648721755308190,151.985032239065,0.27217736182413,0,1
1237648720145416348,153.607083126828,-0.871867626466456,0,1
1237654669200326820,153.62339589668,-0.807191862953614,0,1
1237654669200261277,153.525241213053,-0.832508691650568,0,1
1237654669737197771,153.654672833772,-0.38770338530675,0,1
1237654669737197620,153.691230524095,-0.339343182760624,0,1
1237651800161976458,153.665582290412,-0.724861555660272,0,1
1237648721219092632,153.47429239505,-0.154835468680885,0,1
1237648721219092792,153.426009609119,-0.123784810449002,0,1
1237651800161648733,152.888062184961,-0.717351851760111,0,1
1237648720681959427,152.741658894885,-0.502814230851112,0,1
1237651800161517720,152.664163953361,-0.69796021368063,0,1
1237654669736739045,152.661997172577,-0.340841647267731,0,1
1237654669736673375,152.442150536149,-0.389306215688693,0,1
1237651800698323041,152.462668064387,-0.312482612322779,0,1
1237648720144957682,152.524569568419,-0.999788844671912,0,1
1237654669199736992,152.337140551811,-0.81316518145541,0,1
1237648721218568475,152.265789886137,-0.171200849957963,0,1
1237648722829050042,151.865823099596,1.23368935394911,0,1
1237651752387477576,152.011133126589,0.973307892737186,0,1
1237648721218568321,152.151693440247,-0.0734142476191976,0,1
1237654670273478754,152.256703542374,0.0503052010477658,0,1
1237648721755504889,152.429059019341,0.382746555740477,0,1
1237648721218634007,152.432608580649,-0.0521289999164167,0,1
1237648721755635990,152.735945870635,0.256332021554507,0,1
1237651801235652715,153.524561496544,0.10567395445751,0,1
1237648721756094527,153.640952489359,0.31531955385435,0,1
1237648721756029074,153.567367036929,0.306872131407589,0,1
1237654670274068509,153.68038963258,0.0308309184260983,0,1
1237648721756094558,153.654762335684,0.341514340946178,0,1
1237654670274199652,153.899992403905,0.01323474374522,0,1
1237654670274199691,153.931960198938,0.00754568802087473,0,1
1237651801772654910,153.845273274892,0.549259347239359,0,1
1237654669200916669,155.016222939458,-0.793111456866741,0,1
1237651800699568313,155.3563727717,-0.253304238549786,0,1
1237654669200719952,154.613716416745,-0.83345991521127,0,1
1237651800162500807,154.934471438403,-0.638302605018083,0,1
1237648721219551461,154.466950319659,-0.0363303067131755,0,1
1237648721219616899,154.54904278762,-0.149462427123544,0,1
1237654669200326940,153.725617382003,-0.794525735434848,0,1
1237654669200392249,153.829851447807,-0.793914478982339,0,1
1237654669737328803,153.969482262237,-0.403454519340059,0,1
1237654669200326841,153.642808163615,-0.836987607016603,0,1
1237648721219158226,153.598342437983,-0.0777016788066221,0,1
1237651801772654601,153.90663804028,0.5253241650585,0,1
1237648721219158109,153.496121934502,-0.081581071761015,0,1
1237654670274199742,153.968751331479,0.0883302902475186,0,1
1237651801772916880,154.432148876405,0.540587674636055,0,1
1237648721756422300,154.447801740515,0.330293985337875,0,1
1237648721756553466,154.822978892383,0.344424492774279,0,1
1237648721756618976,154.908087824655,0.33215170471287,0,1
1237648721756619018,154.937678974578,0.324935572345095,0,1
1237648722293555444,155.102334194508,0.757079200873676,0,1
1237648721756881164,155.542286109741,0.406026003987521,0,1
1237648721756881221,155.57274367495,0.358678038518987,0,1
1237648721756946608,155.59600246696,0.338848608790204,0,1
1237648720683991384,157.381594601476,-0.479554595944108,0,1
1237648721220796584,157.303265335152,-0.11072640780135,0,1
1237648720683663442,156.7274604772,-0.541496287023398,0,1
1237648720683598094,156.481361821481,-0.442712549378095,0,1
1237648720683466951,156.288048534722,-0.565321009506532,0,1
1237648720683466898,156.230941879572,-0.465149263525052,0,1
1237651800699830385,155.898132101008,-0.221525807410446,0,1
1237648720146071815,155.098337286971,-0.861837027723311,0,1
1237648722830491854,155.282374698594,1.24444793967043,0,1
1237651801773179000,154.980704913492,0.545440880493321,0,1
1237648722293620932,155.269534235416,0.682412752562318,0,1
1237648721757012161,155.81914899218,0.221770617640987,0,1
1237648721757012168,155.843577967982,0.395004445045927,0,1
1237651801236701478,155.916487783601,0.132633792046382,0,1
1237651801236701418,155.88374668347,0.173723863235578,0,1
1237654670812250127,156.609511188065,0.460730465794265,0,1
1237651801773834365,156.524330948655,0.570248868185051,0,1
1237654670812184805,156.589456535779,0.488229777706611,0,1
1237654671349055633,156.538481835825,0.926488818731713,0,1
1237651801237028985,156.669560501931,0.146552254312457,0,1
1237654671349383336,157.200985112542,0.86799786393035,0,1
1237648722294341801,156.808512179,0.818741982425562,0,1
1237654670812381294,156.971159441082,0.443218182345227,0,1
1237648721221714070,159.376782974051,-0.202209816895101,0,1
1237654669202489478,158.605834210338,-0.833439775728091,0,1
1237654669202423936,158.490518794438,-0.732594526574641,0,1
1237654669739491406,158.870938836877,-0.399783031202932,0,1
1237648720684646636,159.023415821558,-0.518842759580245,0,1
1237654669739491458,158.956150225276,-0.239018738026403,0,1
1237648720147251400,157.696972663201,-0.924022632807291,0,1
1237654669202096355,157.779593179696,-0.755978491669505,0,1
1237648721220993172,157.741756432013,-0.092597113652518,0,1
1237654669202030843,157.527758063499,-0.838972352774084,0,1
1237648720683925758,157.350756185049,-0.448816875113085,0,1
1237648721220665440,156.9339788805,-0.125785255231156,0,1
1237654669738442974,156.507844484702,-0.413482629231621,0,1
1237648722294276350,156.666340195725,0.716006597772742,0,1
1237648722294276424,156.765032793999,0.699870899231553,0,1
1237648722294472925,157.225989052921,0.719538690256426,0,1
1237648722831474819,157.470420002925,1.14329826804146,0,1
1237648722294669535,157.671742576526,0.788167452406882,0,1
1237648722294866111,158.056973521106,0.709313994636239,0,1
1237648721757929638,157.931151948472,0.255964395801443,0,1
1237654670812774526,157.816550541404,0.468757155701579,0,1
1237654670812840148,158.07608528232,0.613348417032014,0,1
1237654670812905613,158.139387821608,0.531388911878707,0,1
1237648721758191792,158.481085548832,0.395857627051642,0,1
1237654670813036633,158.43027861584,0.545925303709333,0,1
1237651752390230161,158.391649024323,1.01167013117056,0,1
1237654670276231299,158.591554632923,0.155652520651732,0,1
1237654670276231328,158.621906911732,0.0681697765748604,0,1
1237654670276165903,158.516309305878,0.0565980852606377,0,1
1237651800162762899,155.435314532387,-0.67215556027498,0,1
1237648722830950599,156.311205833035,1.24868942456529,0,1
1237648721220141175,155.775335174864,-0.200854309052414,0,1
1237648721756553394,154.73529782761,0.410194845895448,0,1
1237651801236045997,154.506527762337,0.141576584730708,0,1
1237651800161910828,153.546789197024,-0.723404778611687,0,1
1237648721219813488,155.015866294537,-0.113941461692174,0,1
1237651752388132980,153.524547293913,0.915465055007345,0,1
1237648722292375771,152.354971278845,0.782355995652938,0,1
1237651800698191908,152.19923903614,-0.26980894372436,0,1
1237648722828722339,151.220225708473,1.08674733820714,0,1
1237651752389705899,157.124527697163,0.983523197444947,0,1
1237648720145678479,154.203008603035,-0.850373924609449,0,1
1237654670811660474,155.301536285111,0.419903295056465,0,1
1237654670813167710,158.752652406244,0.594177527083555,0,1
1237648722295128122,158.710756310182,0.676398786120288,0,1
1237654670276427952,159.024027325387,0.101890384035634,0,1
1237654669740474499,161.206864881138,-0.25019403935975,0,1
1237654669740474440,161.094751066875,-0.29765919182201,0,1
1237648720148299897,160.144321888775,-0.909414057564798,0,1
1237654668666339531,160.235081345394,-1.06631179129065,0,1
1237654669203210391,160.257337223909,-0.746360280588017,0,1
1237648721222238437,160.600820688001,-0.138124773582026,0,1
1237654669203275901,160.40786108238,-0.643146427713632,0,1
1237648720685301855,160.383115087355,-0.459235230744618,0,1
1237654669740015748,160.170387104073,-0.317820502613709,0,1
1237654669203275865,160.371198936441,-0.633341835750179,0,1
1237654669203013642,159.78892393039,-0.787741756931969,0,1
1237648721221910580,159.835214457552,-0.200241896044308,0,1
1237654669202817257,159.406895311189,-0.674303785160012,0,1
1237654669202817275,159.430584840074,-0.654683015019284,0,1
1237648722832130213,158.975340721175,1.09794561757982,0,1
1237654670813560960,159.639747811488,0.451424851987645,0,1
1237654670813692051,159.959516536292,0.426360568813449,0,1
1237654671350497406,159.82706757694,0.839851458214539,0,1
1237654670276755657,159.818323538556,0.101109560765046,0,1
1237654670813692096,160.029581147047,0.443095487278838,0,1
1237648722295718111,160.020059868638,0.764686113730729,0,1
1237648721758978292,160.341951154547,0.268305800412371,0,1
1237654671350628524,160.160922443292,0.891450228991178,0,1
1237654671350890575,160.760707708175,0.905079202616126,0,1
1237654671350890694,160.686063400336,0.873200825702203,0,1
1237654670814019802,160.7520719536,0.593762440819944,0,1
1237648722296045766,160.785334565083,0.82579050417805,0,1
1237654670277214480,160.839999243821,0.110336683137038,0,1
1237648722832851117,160.594683214574,1.12635046315155,0,1
1237648721223221395,162.80641659768,-0.11361985297406,0,1
1237648721223024679,162.351209166411,-0.107553464761894,0,1
1237648721223090412,162.586248395473,-0.148397244126739,0,1
1237648721222959300,162.218773126171,-0.0398198676115771,0,1
1237674649920929958,162.197361726673,-0.39026881421431,0,1
1237648721222959267,162.190039597156,-0.00851939584446602,0,1
1237654669203865673,161.695982959728,-0.830715989666865,0,1
1237648721222893744,162.15154705959,-0.164335929668542,0,1
1237648720685891767,161.83748741307,-0.501006484393226,0,1
1237648721222762644,161.767075109069,-0.091987528550594,0,1
1237654669740540080,161.377027669772,-0.257924030784374,0,1
1237654669740671012,161.60663314142,-0.385545404565866,0,1
1237654669740539977,161.235390341481,-0.347245501147722,0,1
1237648720148627480,160.894755880626,-0.934242138249599,0,1
1237648720685236327,160.248668673739,-0.5799923607078,0,1
1237654670276886908,160.129200613267,0.0580043695150335,0,1
1237648722833047691,160.990530112297,1.10497204328504,0,1
1237654671351021670,160.972333309133,1.00802281162735,0,1
1237654671351021733,161.035722961686,1.01662718900041,0,1
1237654671351021762,161.067673178794,0.858500471217474,0,1
1237654670814281934,161.24161049028,0.481064439608138,0,1
1237654670814281736,161.246453768052,0.577583485306447,0,1
1237648721759240426,160.904756732646,0.268042687906588,0,1
1237648721759437011,161.386517296325,0.291949895887928,0,1
1237648722296307855,161.321936167204,0.647214413099235,0,1
1237654670814347506,161.476477946064,0.602401231889411,0,1
1237648721759568035,161.680476236843,0.375618874247459,0,1
1237648722833506478,162.134326508055,1.1401176129462,0,1
1237674651531542643,162.219174156739,0.853138506623893,0,1
1237654671351480441,162.04113491689,0.954698318437929,0,1
1237648721759830130,162.306278630803,0.246619630163251,0,1
1237674651531542726,162.308670111774,0.995909665335812,0,1
1237648721759961394,162.546699244961,0.217212541906535,0,1
1237674650994868409,162.729143863247,0.492509247754195,0,1
1237648722296832101,162.589439602368,0.709420051618635,0,1
1237648721224007833,164.68468111506,-0.0601667372918451,0,1
1237648721223745624,163.966311815918,-0.0964159962305598,0,1
1237648720149545106,163.062059758085,-0.955492719547843,0,1
1237674648847450200,162.900580449309,-1.08787830975595,0,1
1237674649921061051,162.589289392142,-0.333752555544423,0,1
1237648720149414019,162.652056181797,-0.923054037209305,0,1
1237674649384124427,162.338072568807,-0.668071639053065,0,1
1237648721759764592,162.033442515537,0.380535535878476,0,1
1237654670814675063,162.181456660006,0.613620063490661,0,1
1237674650994671729,162.229687092624,0.592902841431499,0,1
1237674651531870420,163.041567224482,0.892614010000773,0,1
1237674650994802809,162.492314686578,0.545129630901523,0,1
1237648721760026732,162.65338603909,0.37120209662549,0,1
1237648721759961197,162.525717889481,0.333248799031144,0,1
1237674650457931866,162.541382399221,0.137604954746431,0,1
1237648721760288813,163.276665759981,0.264635056313492,0,1
1237648722834227236,163.706571931332,1.16309170622207,0,1
1237648721760813307,164.499831405602,0.384770121749771,0,1
1237648722297618511,164.344628596526,0.661624716077142,0,1
1237648721760813192,164.524938895196,0.412152275535606,0,1
1237648721760878739,164.645629835295,0.292387597907842,0,1
1237674649922764809,166.408223219318,-0.217414722129612,0,1
1237648720150724924,165.709565292979,-0.995511776521537,0,1
1237674649385828505,166.271958805085,-0.78037273612458,0,1
1237674649385762901,166.133275116737,-0.730497261026548,0,1
1237648720687726793,165.958709103195,-0.601674882726756,0,1
1237674648848564366,165.341713279914,-1.14025426613465,0,1
1237674649922371770,165.603411221466,-0.419260122898439,0,1
1237674649922437276,165.638712101922,-0.291019275045744,0,1
1237648720687530118,165.549220507207,-0.544389852319722,0,1
1237648721224401255,165.596666622933,-0.184014933768165,0,1
1237674648848433392,165.164578644587,-1.08288086041015,0,1
1237648720150462646,165.071618996112,-0.974593471349519,0,1
1237648720150462633,165.067193333654,-0.868155341718253,0,1
1237674649385435161,165.363394909009,-0.718315984020429,0,1
1237648720150396962,164.870380338078,-1.02743367458304,0,1
1237648721223745639,163.984972203804,-0.157523109591832,0,1
1237648722297553078,164.230768113096,0.76672275496641,0,1
1237674650995589210,164.325744633539,0.52349089816366,0,1
1237674651533049970,165.637760257425,0.992736600901567,0,1
1237648722834882675,165.257514402483,1.09649967854382,0,1
1237674651532853399,165.310081277997,0.889168745516506,0,1
1237648721761271932,165.48139749058,0.305420524905367,0,1
1237674651533050077,165.727165921012,0.903026042968228,0,1
1237674651533115508,165.831992272861,1.03469136083901,0,1
1237674651533312115,166.3361145412,0.888095623838901,0,1
1237674651533377652,166.400082092361,0.87785758901729,0,1
1237674651533377695,166.431590774862,0.843942517575334,0,1
1237648721761796219,166.69300843528,0.256691205846062,0,1
1237648721761730742,166.592796476344,0.377249172527717,0,1
1237648721225646323,168.427187519771,-0.132116169791617,0,1
1237674649923682457,168.477834777803,-0.265450176222709,0,1
1237674649386483841,167.820414519196,-0.824189673025873,0,1
1237674649386483781,167.739171142701,-0.825278021396476,0,1
1237674650460422277,168.271681633528,0.00307108320580382,0,1
1237674649386221814,167.257243741086,-0.816725127246363,0,1
1237648720151445521,167.311732929282,-0.927930728123985,0,1
1237648720688447635,167.628638549746,-0.479376843863649,0,1
1237648720688382139,167.486705840159,-0.574241105227104,0,1
1237674649386287282,167.385241463075,-0.684351546687061,0,1
1237648720688316660,167.354872151995,-0.517145978354859,0,1
1237674649923158181,167.310113041484,-0.240054601900944,0,1
1237674649923027076,167.066780712341,-0.265880325591645,0,1
1237674651533377684,166.412818769401,0.966360208746321,0,1
1237648722835406994,166.432652116354,1.22410367511688,0,1
1237674651533443189,166.612847827781,0.977487184896682,0,1
1237674651533508793,166.727037234991,0.994746532909823,0,1
1237648722298798367,167.090436437893,0.822695915770057,0,1
1237648722298798320,167.047963454647,0.822999709141268,0,1
1237648722298798203,167.066695855154,0.802416963728975,0,1
1237648721761927360,167.025470341546,0.281541634298784,0,1
1237674650459898060,167.057961158751,0.0639824513299986,0,1
1237648721761927326,167.006964912753,0.222011485078034,0,1
1237648722835800190,167.341830835057,1.11718335087797,0,1
1237648722298994914,167.500784880209,0.834109109437504,0,1
1237648721762189458,167.58587765003,0.285728524911592,0,1
1237674650460094629,167.554323325695,0.210104380884684,0,1
1237648721762058443,167.367031703212,0.366576594088045,0,1
1237648722299191484,167.867542827604,0.794017366905491,0,1
1237648722299125831,167.819093657118,0.834853233796321,0,1
1237674651533967579,167.834177223914,0.848422855842777,0,1
1237648722299126019,167.832169975368,0.805583872651196,0,1
1237648722835996910,167.79573772973,1.10478740526781,0,1
1237648722835996853,167.750172318581,1.12689943662257,0,1
1237674651533967375,167.74088770848,0.872713682662464,0,1
1237648722299257042,168.124937593629,0.641269278826765,0,1
1237648721762386140,168.141504509263,0.27384972184006,0,1
1237674651534164102,168.23236156493,0.873458264385718,0,1
1237674651534032991,167.881769302998,0.891494080551711,0,1
1237648721762517126,168.39131781475,0.337472429492261,0,1
1237674649387335811,169.716849169696,-0.721390633786651,0,1
1237648720152559636,169.840917406198,-0.95005928264235,0,1
1237674649387466948,170.09848543663,-0.799953576812324,0,1
1237648721226432679,170.209222188058,-0.168807159860724,0,1
1237674649924468900,170.298123532889,-0.293884410415165,0,1
1237674649387401377,169.891394615566,-0.637725881146794,0,1
1237674648850137233,168.948657513492,-1.10953654424748,0,1
1237674649924010247,169.266330722857,-0.383715301005843,0,1
1237674649386418291,167.62212795475,-0.716842883323974,0,1
1237648722836127783,168.072309402589,1.08332689943375,0,1
1237674650460422478,168.268362914119,0.123460194559778,0,1
1237648722836259003,168.376372672615,1.14684041818463,0,1
1237674651534426266,168.885107600215,0.884816919118243,0,1
1237648721762713833,168.795282636037,0.394332488196002,0,1
1237648721762713754,168.829766098553,0.385537864849445,0,1
1237674650997555301,168.890096688065,0.545799669989522,0,1
1237648721762910385,169.327534591133,0.328373143096675,0,1
1237648721226039549,169.204054452174,-0.0326926443469069,0,1
1237674650997883086,169.531180217296,0.459720730238054,0,1
1237648722836783266,169.623404764829,1.09864136441501,0,1
1237674651534753961,169.65005606395,1.03099110318863,0,1
1237674651534819463,169.781882806719,0.91313450088896,0,1
1237674651534884948,169.861695482588,0.968089135599248,0,1
1237674650998145070,170.204153256636,0.45924958968882,0,1
1237674649388056620,171.396154704939,-0.768241641261509,0,1
1237674649388056825,171.427767390783,-0.675618184244677,0,1
1237674650461995124,171.776484900763,0.12414372662443,0,1
1237674649387794517,170.862424121593,-0.713569305252206,0,1
1237674650461733016,171.229981531961,0.083571525313682,0,1
1237674650461733072,171.298419560651,0.170765142485704,0,1
1237674649924796503,171.027799748083,-0.264298609952041,0,1
1237674649924665441,170.760156020976,-0.228786660591502,0,1
1237674650461602024,170.98311884985,0.00509506975536702,0,1
1237674649924599919,170.597399795702,-0.361863759481853,0,1
1237674649387466919,170.074047733289,-0.711186066262703,0,1
1237674650461077838,169.759249581631,0.0862423789773857,0,1
1237674650460815476,169.119395507041,0.0588943079159273,0,1
1237648722836783169,169.649006939918,1.0613997855408,0,1
1237648721763041373,169.649253730233,0.419761410220545,0,1
1237674651535081591,170.310797909917,0.971637597617166,0,1
1237648722837045316,170.105195812788,1.18349682574255,0,1
1237674651535147073,170.419957547447,0.954945601268956,0,1
1237648722300240056,170.302873052292,0.78776465572899,0,1
1237648721763238113,170.022626025445,0.276113645922075,0,1
1237648722300174459,170.134091495208,0.830603334901201,0,1
1237648722837242009,170.627754335538,1.12207652649536,0,1
1237674651535147164,170.515927766176,0.948074891964018,0,1
1237648722300305501,170.522603448624,0.784284887532794,0,1
1237674651535212695,170.684071938319,0.884418361291542,0,1
1237648722300371192,170.672676964915,0.651772288428609,0,1
1237674650998407217,170.776816499453,0.61282846232934,0,1
1237648722837307633,170.798233389466,1.12010799049952,0,1
1237674651535343743,170.966702080578,0.849826171174672,0,1
1237648721763696835,171.001850982756,0.411712942987373,0,1
1237674651535409390,171.12946346383,0.946701526422902,0,1
1237674651535671539,171.71181861695,0.86911005876628,0,1
1237648721764024515,171.889838355995,0.278028673161473,0,1
1237648720690872460,173.111354855013,-0.471983356843654,0,1
1237648721764679850,173.269880112478,0.2163693664811,0,1
1237674650462453933,172.889280755301,0.0735347158279288,0,1
1237674650462191936,172.250949041242,0.0274991795401472,0,1
1237648721227022370,171.487427584485,-0.0840739165517377,0,1
1237648721226891421,171.220626481942,-0.203522436938808,0,1
1237648720153280843,171.553381635155,-0.858549126129249,0,1
1237648720153280822,171.591166971443,-0.942335265016668,0,1
1237674649924796558,171.072147535262,-0.307064023100449,0,1
1237674650461602035,170.996306214269,0.0926245685469488,0,1
1237674650461601990,170.959323601843,0.0786378182593639,0,1
1237648721226694756,170.728651599043,-0.202200142752428,0,1
1237654670281539736,170.763509538314,0.0574588118665976,0,1
1237674651535343680,170.879045632674,0.98466553246267,0,1
1237674650998341794,170.653207919937,0.460568717724875,0,1
1237648721763631266,170.892186025234,0.326877592674602,0,1
1237648721763696932,171.122636056263,0.256814481722152,0,1
1237648722837700783,171.608313156427,1.07311689631507,0,1
1237648722300764169,171.494177306624,0.821499178821315,0,1
1237648721763958962,171.681848994612,0.250362170632893,0,1
1237674650998735063,171.61086086469,0.605712923886815,0,1
1237648722300764336,171.533295421819,0.653627721880063,0,1
1237674650998669361,171.381547134747,0.438624362414087,0,1
1237648721764090040,171.958463036839,0.2140693827176,0,1
1237648721764221085,172.275983584692,0.281408581577464,0,1
1237648722301157654,172.410696864431,0.649120245477123,0,1
1237648722838093882,172.517304332395,1.14188653183874,0,1
1237674650999193767,172.622204531017,0.494317150292861,0,1
1237674651536064694,172.589243596017,0.973073749485965,0,1
1237648722838159593,172.768503658204,1.16333637203092,0,1
1237648722838159557,172.72747515201,1.10390368201378,0,1
1237674651536130171,172.679389311871,0.839532144352996,0,1
1237648721764483216,172.819399088464,0.223144340674933,0,1
1237674651536195721,172.894940183634,0.998357746091472,0,1
1237674650999390424,173.070053284644,0.608417102887309,0,1
1237671142017335344,175.026684627077,-0.837743182016352,0,1
1237648722298601625,166.527337016019,0.83434254922369,0,1
1237648722835210472,166.039140634,1.23200964340782,0,1
1237648720687333542,165.063647357444,-0.443820243668869,0,1
1237648721759961111,162.495232384201,0.322301335705413,0,1
1237648721759895673,162.421523252092,0.363098735460857,0,1
1237648721759895794,162.35164861906,0.231993376869656,0,1
1237648722295455879,159.338822144736,0.830695949062225,0,1
1237648720153477433,172.045360116439,-1.00566492333374,0,1
1237648720153149538,171.154415403922,-0.991867306092067,0,1
1237648721763303647,170.205412930992,0.39017172685771,0,1
1237648721762648221,168.7012077332,0.394290346765727,0,1
1237648721762648208,168.692125181854,0.28926054440186,0,1
1237648720152231990,169.141792698351,-1.02802909064912,0,1
1237648720152232183,169.123435567172,-0.911137120043987,0,1
1237648722299125987,167.79672447098,0.752171889244914,0,1
1237648722298929292,167.266761929081,0.715441658183492,0,1
1237648722834686048,164.824374773697,1.153473536349,0,1
1237648722833637499,162.398139885382,1.06862007692951,0,1
1237648720149217569,162.289475016657,-0.908548804887083,0,1
1237674649924468767,170.331570815606,-0.231053417000961,0,1
1237648721225056484,167.045195278363,-0.0831906121388126,0,1
1237648721226498210,170.331386025294,-0.00124323997063866,0,1
1237648704571506871,170.716667639823,0.0333982863558649,0,1
1237674650461995043,171.847785357439,0.14345691046933,0,1
1237674650460750001,169.0009603298,0.15020602425552,0,1
1237648721225515275,168.067293490115,-0.0769140578776647,0,1
1237648720151183582,166.713091929278,-0.998871966703799,0,1
1237648721225122013,167.251436112646,-0.115695132706552,0,1
1237648721222566057,161.349784555299,-0.173936761073749,0,1
1237648720689692889,170.441639355126,-0.422159278915183,0,1
1237674650461012022,169.518863966353,0.0160473935256436,0,1
1237648721224990826,166.905730619348,-0.0272432002562754,0,1
1237648722833637550,162.439618483568,1.12964092265572,0,1
1237648722296569979,161.910049357133,0.742932834246179,0,1
1237648720147972302,159.416350987729,-0.870080847743536,0,1
1237648720151969964,168.476991504563,-0.955143653865762,0,1
1237648720152101088,168.793173663335,-1.03384592581326,0,1
1237648720688971983,168.868797245219,-0.463312440218098,0,1
1237648720151183470,166.697789875347,-0.924148490427942,0,1
1237648720688120088,166.875472534794,-0.462887676159444,0,1
1237648720154788105,174.948444612527,-0.843940649075255,0,1
1237648720154525800,174.413886416566,-0.970667937656829,0,1
1237648720154525836,174.364430868105,-0.846566572369097,0,1
1237648720154525835,174.326211863329,-0.865728511699884,0,1
1237648720154067131,173.344882434236,-1.03913749326257,0,1
1237648720153935941,173.038481895164,-0.942584515410126,0,1
1237674648851775522,172.74129206139,-1.14752992814967,0,1
1237648722301419768,172.980020280043,0.683262203060557,0,1
1237674651536326851,173.24477116808,0.924564194223308,0,1
1237648721764483278,172.910949046344,0.3392163062306,0,1
1237674651536457861,173.442054143148,1.01222653311876,0,1
1237674650999587074,173.507313156266,0.441246886198688,0,1
1237648721764810864,173.577990875316,0.294059567295278,0,1
1237674650462781584,173.659870237284,0.188664731265589,0,1
1237648721764810869,173.585442852026,0.315672532698242,0,1
1237674650462847186,173.84700706843,0.0905664056419197,0,1
1237648721228136659,174.012152617768,-0.015144471829794,0,1
1237648721228136559,174.030018895811,-0.0201854427090673,0,1
1237648721228136608,174.095192426882,-0.0515455267884817,0,1
1237648722838814906,174.270932552814,1.15687714823414,0,1
1237674651536851079,174.439946466783,0.990489771030298,0,1
1237648721765204124,174.557522856848,0.35280125253645,0,1
1237671127514808500,176.76635955195,-0.929908119704421,0,1
1237671127515201683,177.175957989537,-0.278731378218241,0,1
1237671139870310497,177.01176064332,-0.684501941121721,0,1
1237671139870245169,176.975018666176,-0.792389176041632,0,1
1237674649927417967,177.096411419847,-0.416157825050091,0,1
1237671139870310566,177.128750931193,-0.669657329394713,0,1
1237671140406985062,176.392047592333,-0.905915501880838,0,1
1237671140406984964,176.471132514206,-0.879787838228006,0,1
1237671127515005048,176.92816477473,-0.628884304105209,0,1
1237674648853283012,176.201628139789,-1.15848584472748,0,1
1237671128051613994,176.190161620533,-0.927412926300374,0,1
1237671128051548354,176.170608980824,-0.953487519148236,0,1
1237671140943921415,176.274484129599,-0.593224187367989,0,1
1237671140944052439,176.316672259615,-0.198810190056569,0,1
1237671141480792294,175.958427566191,-0.352461489302464,0,1
1237674648853282929,176.141869962664,-1.1390519222099,0,1
1237671128588288267,175.659657007155,-0.994754573384082,0,1
1237671129125355615,175.444726993015,-0.518042435502399,0,1
1237671129125290167,175.395768301616,-0.599664192417348,0,1
1237671142017466522,175.279487865202,-0.647528940532005,0,1
1237674651537178831,175.104097011697,1.0223045248848,0,1
1237674651537178700,175.131881768049,0.853149946326634,0,1
1237671129662881864,175.778023233694,1.02099752741714,0,1
1237648722302664932,175.828303997326,0.747881740538141,0,1
1237648721765859570,175.955085155612,0.367958204157577,0,1
1237674650463961301,176.365704376334,0.155017497658608,0,1
1237671140944380154,176.631638424906,0.425485774837931,0,1
1237671129126076512,176.221033480974,0.939579314554845,0,1
1237671129663013030,176.073737995878,1.23849697650397,0,1
1237671142018187470,176.047227916607,0.922507655500451,0,1
1237671128052334718,177.009953682327,0.51872302709704,0,1
1237671140944707729,176.995872885246,1.07743731923911,0,1
1237671140407640245,177.283939460187,0.357858173693367,0,1
1237671127515398267,177.27061134355,0.186600031275321,0,1
1237674648854462606,178.893421592349,-1.23799263770001,0,1
1237674648854528075,178.974407333135,-1.16680804228059,0,1
1237648720156229810,178.322324922559,-1.02258563208916,0,1
1237648720156229791,178.297185605888,-0.854708402352484,0,1
1237674649391136888,178.479722022593,-0.793662521599957,0,1
1237648720156295372,178.456887265556,-0.917471213929582,0,1
1237648720693297360,178.691517845742,-0.438768424932458,0,1
1237648720693362808,178.806888651347,-0.526100771679417,0,1
1237648720156164244,178.171832287602,-0.895133439666487,0,1
1237674649927811272,178.052797062938,-0.235388706471555,0,1
1237674649391005832,178.095559911802,-0.758397341286742,0,1
1237648720693035329,178.084085912912,-0.507981875539702,0,1
1237674649927811080,177.907795003301,-0.243043903332602,0,1
1237674648853676243,177.154971804713,-1.21283205821481,0,1
1237674649927549145,177.358844214716,-0.305039836158896,0,1
1237648722303320164,177.301260545943,0.799292161005627,0,1
1237671140407574802,177.117674069999,0.306373021500003,0,1
1237671127515725906,177.691852071265,0.886413597448621,0,1
1237671127515791392,177.749885314249,0.979290061624206,0,1
1237648721229840575,178.026100835379,-0.166350721587528,0,1
1237674650464682249,177.925834980397,0.0354699085490075,0,1
1237648721766842523,178.236846253355,0.329169344294122,0,1
1237648721229906141,178.119757639806,-0.138050950650042,0,1
1237671139871293590,178.191950198876,1.1948063937895,0,1
1237671126978986162,178.223119516215,0.894319788620356,0,1
1237671126978986091,178.29951565616,0.841844777328582,0,1
1237674650465140907,179.018265579766,0.199327421041301,0,1
1237674650465206439,179.195834633189,0.0342457520523714,0,1
1237648722303909995,178.714442614974,0.652543871269027,0,1
1237648721230495913,179.417049789717,-0.0172726710772197,0,1
1237674650465271943,179.297241106253,0.174964098605647,0,1
1237674648855183476,180.454033972002,-1.1340735303708,0,1
1237674648855052412,180.161546728096,-1.16517575781507,0,1
1237654668674990121,180.043399161525,-1.1016765008448,0,1
1237648720156950769,179.965885437338,-1.0425528668644,0,1
1237674649928990914,180.623503890881,-0.338993872736278,0,1
1237648720694018149,180.362532423057,-0.447288059050575,0,1
1237648721230889235,180.419930056269,-0.202359670589442,0,1
1237648721230823776,180.275790063606,-0.117109162313243,0,1
1237648721230758103,180.120315430873,-0.123569091218079,0,1
1237648720693821516,179.923439565495,-0.531649711836704,0,1
1237674648854724826,179.541598653622,-1.07636338797564,0,1
1237648720156819600,179.55493508417,-1.04682885346539,0,1
1237674649391661228,179.559324089158,-0.80623593865246,0,1
1237648720693690377,179.541880151143,-0.540053517940717,0,1
1237648720156688532,179.276451558667,-0.977204616613808,0,1
1237648720156623012,179.166882971491,-0.984444303990676,0,1
1237648720693559919,179.286116221401,-0.612906786638146,0,1
1237648720693624962,179.497026816642,-0.484043943685802,0,1
1237674649928270017,179.041194618721,-0.32581333294161,0,1
1237674649928269977,179.007201745006,-0.217993033404619,0,1
1237674650465140885,179.003302022296,0.00371163931913636,0,1
1237674651539079334,179.449391211053,1.04235028580721,0,1
1237674651002208317,179.401783370611,0.616485261697382,0,1
1237648722304303594,179.643885843841,0.733131815188157,0,1
1237648722841108720,179.493810698254,1.06365888017177,0,1
1237648721230561496,179.603262545789,-0.0738253894116274,0,1
1237674650465403044,179.596135085021,0.0816718878923715,0,1
1237674650465337643,179.515878285418,0.0985503442340148,0,1
1237648722304368648,179.685735469704,0.826282302916566,0,1
1237674650465468685,179.761242785875,0.190790197847586,0,1
1237648721767563385,179.887378637212,0.372857518479586,0,1
1237648722841305234,179.957270920501,1.07943801837201,0,1
1237648721767694580,180.260009589539,0.260971657325663,0,1
1237648722841436320,180.210299307038,1.15764502115152,0,1
1237648722841501814,180.301000696577,1.24014006154555,0,1
1237674651539472478,180.311491858204,0.939822263469293,0,1
1237648722304630949,180.302457680028,0.676031162763939,0,1
1237674651002667347,180.508952542546,0.551684417640796,0,1
1237674651539538015,180.483998138895,0.963744527749012,0,1
1237674650465927309,180.86820384582,0.0601393102856767,0,1
1237674650465861892,180.630626862325,0.145032623328838,0,1
1237674650465861987,180.742694893401,0.030232129437809,0,1
1237648720158064653,182.396809801131,-0.912467066141711,0,1
1237674649392906462,182.463308307714,-0.672048273709547,0,1
1237648720694935731,182.454054241237,-0.591030336200245,0,1
1237674649929842814,182.590942696441,-0.329475183427293,0,1
1237648721231872163,182.634104605003,-0.163571733123753,0,1
1237674648855773429,181.930245361767,-1.06544096269824,0,1
1237648720157933650,182.0994733066,-0.954795572650014,0,1
1237648720157999247,182.23593600892,-0.962181452102429,0,1
1237674649392709852,182.079970902354,-0.660930240734814,0,1
1237648720694935765,182.469700561307,-0.547477776762818,0,1
1237648720695001199,182.557987175477,-0.436585297295086,0,1
1237648720694935782,182.4772537977,-0.577891650798002,0,1
1237674648855707825,181.739074550614,-1.09626983197462,0,1
1237648721231675582,182.18208542082,-0.160694649913585,0,1
1237674649392513173,181.601836898556,-0.649423637107498,0,1
1237674649929318570,181.454234617441,-0.315153770615007,0,1
1237648721231347819,181.345601018809,-0.0315769297384886,0,1
1237674649392382040,181.313369165958,-0.750271897818827,0,1
1237648720157540452,181.219793064898,-0.987483176543429,0,1
1237648720694280482,181.009555861271,-0.534680607961858,0,1
1237648721231216744,181.035516475602,-0.113231734714598,0,1
1237648721230954604,180.431930484993,-0.18722175037369,0,1
1237648720694083770,180.562228078034,-0.492016214591892,0,1
1237648721231020227,180.647451645202,-0.113480696086834,0,1
1237674649928925417,180.527986207449,-0.241529736779221,0,1
1237674649928925366,180.491838835918,-0.320079092939298,0,1
1237674648855248984,180.615729164842,-1.13253625521872,0,1
1237674649391857798,180.029197577849,-0.674112317249989,0,1
1237648720693887170,180.041312134312,-0.597195578682313,0,1
1237674649928794307,180.271363401451,-0.328217741592147,0,1
1237674651002536168,180.273748772955,0.459705692018677,0,1
1237674650465599608,180.062659527151,0.126634834143587,0,1
1237674651539669079,180.792302142908,0.928151309521673,0,1
1237648722841698356,180.873036707835,1.22935398171852,0,1
1237674651539734603,180.899988114524,0.911548961549309,0,1
1237674651002667157,180.596350448294,0.591682077621069,0,1
1237648722305024103,181.197129501193,0.782728860427987,0,1
1237648721768153189,181.181339124189,0.256959972903933,0,1
1237674651002929289,181.162201127098,0.482292520190792,0,1
1237674651002863882,180.986103397386,0.480994724476823,0,1
1237648722304958729,181.065082974352,0.771426741716599,0,1
1237648722841895120,181.224623812661,1.13578889457574,0,1
1237648722841960606,181.44666213066,1.12718974530912,0,1
1237648721768218721,181.361967912109,0.295689248730032,0,1
1237674651003060390,181.455465260662,0.54020460508428,0,1
1237674651003256865,181.824318410904,0.449680636283416,0,1
1237674650466320560,181.767607163081,0.184790842506322,0,1
1237674651539996856,181.589974765497,0.948075297030908,0,1
1237674651540062335,181.706420612528,0.89134652313468,0,1
1237674650466582686,182.366175417239,0.0236146038358993,0,1
1237674651540390167,182.481187936403,0.860854224049907,0,1
1237648721768743044,182.551943560729,0.384295468343338,0,1
1237648703503663317,184.204601048785,-0.741791196422851,0,1
1237648721232723989,184.498635470187,-0.153365445855016,0,1
1237648721232592953,184.252379396276,-0.163584649279591,0,1
1237648702966661167,183.82603360258,-1.1098458945744,0,1
1237648720158589098,183.60692674751,-0.947746372870214,0,1
1237648720695591068,183.948575678527,-0.518226461724071,0,1
1237648702966464577,183.438086460547,-1.23841257879127,0,1
1237648720158523546,183.520506877365,-0.894102027203023,0,1
1237648720695328951,183.307553748519,-0.526569145785908,0,1
1237648720695328925,183.300239071736,-0.574435291597513,0,1
1237674648856232112,182.970127760861,-1.21953869899186,0,1
1237654669213237275,183.21094953268,-0.836992165019051,0,1
1237648720158130354,182.647153908973,-1.0096030878435,0,1
1237648720158195843,182.786495094377,-1.02127957791437,0,1
1237674649392906514,182.509658504143,-0.673690318425314,0,1
1237674649929711751,182.288988922565,-0.379680536838966,0,1
1237648722842419363,182.420329517556,1.1728505612762,0,1
1237648722305613887,182.629706020971,0.672774881551943,0,1
1237674651003715746,182.953083744229,0.61463272811437,0,1
1237674651540521028,182.766941924618,0.972312108882494,0,1
1237648722842615957,182.912896442243,1.12265962902306,0,1
1237648705650622589,183.005993488075,0.906910684180877,0,1
1237648704576946262,183.023537844161,0.0681761783671687,0,1
1237648705114079392,183.697823210026,0.515227646596737,0,1
1237648704577077389,183.422286615575,0.196517733569472,0,1
1237648705114013729,183.528044965613,0.443054471183471,0,1
1237648705114079357,183.630817225098,0.601240963504859,0,1
1237648704577077384,183.415639767367,0.164529523976487,0,1
1237648721769267286,183.73442549087,0.397112220358049,0,1
1237648722842943738,183.604530389384,1.17172117759128,0,1
1237648722842878125,183.571078847062,1.17638131301913,0,1
1237648705650950252,183.618048187916,0.983170783390089,0,1
1237648722306072788,183.64345096525,0.791078181407724,0,1
1237648722306138331,183.741799288993,0.755620960268035,0,1
1237648722843074752,183.896369709395,1.18439450882562,0,1
1237648722306400440,184.444724023866,0.642005232662755,0,1
1237648704577536220,184.465575903941,0.0972875244565014,0,1
1237648705114407158,184.472504706637,0.549556749882766,0,1
1237648720159375594,185.410404622997,-1.03404045305776,0,1
1237648720696574131,186.180235705136,-0.418611927481279,0,1
1237648704041451668,186.209173450851,-0.316893393179611,0,1
1237648720696443141,185.965624989689,-0.453524944450428,0,1
1237648704041451660,186.182796776619,-0.345851155232067,0,1
1237648720696573987,186.135009347644,-0.458721847427333,0,1
1237648704041255115,185.855308295132,-0.363183843653116,0,1
1237648702967185456,185.064951148142,-1.19694564624137,0,1
1237648720159178815,184.987096524914,-0.850508261152191,0,1
1237648720159047869,184.734018235871,-1.02474677505436,0,1
1237648704040927338,185.043929277926,-0.270295238042609,0,1
1237648720695984349,184.863760459138,-0.467199522124064,0,1
1237648704040796231,184.667625804139,-0.256469230825893,0,1
1237648702967185610,185.000396075462,-1.22465205443963,0,1
1237648702966989051,184.566573823454,-1.09645503387082,0,1
1237648720158982298,184.499977845912,-0.959082419665419,0,1
1237648720695591132,184.006846584279,-0.625941849226586,0,1
1237648703503728956,184.253963451809,-0.726030342621233,0,1
1237648720158851276,184.295368629998,-0.896414668638985,0,1
1237648720158851259,184.269858631416,-0.918861067853917,0,1
1237648704040206575,183.459996544228,-0.239875384547341,0,1
1237648705114013868,183.484333729944,0.586896185977751,0,1
1237648721232199825,183.361823016748,-0.0967044238920055,0,1
1237648705651277965,184.498428805144,0.988788247541374,0,1
1237648721232527419,184.103319248551,-0.0803037053487302,0,1
1237648705651474543,184.84706458847,0.861078312009262,0,1
1237648705114407147,184.463957308614,0.540307606032556,0,1
1237648704577732678,184.832199654394,0.0443065474951896,0,1
1237648704577732723,184.952517802123,0.188924242578691,0,1
1237648704577863764,185.136728759138,0.0715140625343911,0,1
1237648721769857272,185.209480690209,0.323972042706335,0,1
1237648722843598978,185.166388643002,1.20291554106895,0,1
1237648705114800239,185.316738603245,0.62270641594657,0,1
1237648721769988315,185.464076165703,0.342581871714156,0,1
1237648722843795529,185.561045978892,1.22806210650899,0,1
1237648705651671269,185.404470124019,0.986885087572256,0,1
1237648704578125946,185.835150141963,0.163879261355497,0,1
1237648721770053807,185.602106054747,0.354630858450048,0,1
1237648720697294934,187.80406353435,-0.528243525813405,0,1
1237648721234166014,187.913337990644,-0.0849732552257026,0,1
1237648721234166004,187.908390273553,-0.152221481439281,0,1
1237648721234034815,187.549933499405,-0.155859991139796,0,1
1237648720160030964,186.99579344048,-0.844296620577302,0,1
1237648704041844842,187.125984915563,-0.356437339620313,0,1
1237648703504777360,186.736029192756,-0.683267276320295,0,1
1237648720696705272,186.531516063069,-0.535870824803665,0,1
1237648704041517186,186.313142781118,-0.309544443056852,0,1
1237648704041451581,186.191663011645,-0.399096418487994,0,1
1237648704041320600,185.942875372336,-0.382575722383074,0,1
1237648720159441152,185.665303622715,-0.927599631957626,0,1
1237648704041255080,185.810415664015,-0.256149271489267,0,1
1237648722843861095,185.728489220679,1.04939981617176,0,1
1237648704577929373,185.362715918518,0.175729414887621,0,1
1237648722844057775,186.192343887718,1.06830021080278,0,1
1237648705651998890,186.050643289007,0.952355528607473,0,1
1237648705115062376,185.952728318886,0.596537370922625,0,1
1237648704578322577,186.296722122596,0.03217501300881,0,1
1237648722844319846,186.734920185741,1.213714926703,0,1
1237648705652457556,187.059948660946,0.8806236485579,0,1
1237648705115848766,187.796026412735,0.606226471377963,0,1
1237648722307842148,187.6979309494,0.635800676137278,0,1
1237648722307907772,187.895117773459,0.638535695359121,0,1
1237648702969086082,189.441123729027,-1.23812648540621,0,1
1237648720161144935,189.447335599192,-0.875664347007256,0,1
1237648720161144998,189.427054334765,-0.983053849631776,0,1
1237648702969085987,189.393474700711,-1.24580574314397,0,1
1237648704043024511,189.882866705458,-0.386077191513519,0,1
1237648703505891649,189.288879248128,-0.814423186936018,0,1
1237648720160882968,188.948454009983,-0.965839425453937,0,1
1237648704042827983,189.357669820332,-0.281509093683892,0,1
1237648720697753803,188.919611659343,-0.583012697079005,0,1
1237648720697753793,188.90235577609,-0.481728359065865,0,1
1237648703505694888,188.738431465119,-0.794492746438979,0,1
1237648720160686190,188.396734882501,-1.04259980072706,0,1
1237648703505432738,188.248526181483,-0.699528448336187,0,1
1237648720160555170,188.191674615617,-0.923571568392043,0,1
1237648720697295015,187.905039457913,-0.517839499708166,0,1
1237648705652785286,187.921812178839,0.959248946723593,0,1
1237648704579043480,187.859817119449,0.142062690084329,0,1
1237648721770971312,187.657572658159,0.343912451515125,0,1
1237648722308104213,188.275164202962,0.778333529104754,0,1
1237648705653112969,188.56902339923,1.03807520929206,0,1
1237648722308104283,188.216677606362,0.824015126688905,0,1
1237648705653309624,189.13669525908,0.860159970295532,0,1
1237648705653375178,189.256543314672,0.917148798143556,0,1
1237648705116373214,188.915717423205,0.565362919779965,0,1
1237648705116569778,189.345748312249,0.607582647467969,0,1
1237648705653440636,189.438483201601,1.02364021287151,0,1
1237648721772019738,190.016398222673,0.343798032211109,0,1
1237648705116897400,190.103489286389,0.582670402033344,0,1
1237648705653637253,189.767609502465,0.971182809485863,0,1
1237648722308890870,190.050846572299,0.695671845902845,0,1
1237648704044007728,192.071075354957,-0.261037269306636,0,1
1237671764249346188,191.140979149812,-0.820163899262636,0,1
1237671764249215122,191.117407532497,-1.1057374712173,0,1
1237648721235935455,191.881556944431,-0.0922981283152531,0,1
1237671266569879769,190.85808395025,-1.17659972727926,0,1
1237671266569945316,190.884713880021,-1.11677062254479,0,1
1237671764786020651,190.735911969656,-1.18943098756832,0,1
1237671764786217114,190.789514595249,-0.783721041182701,0,1
1237671266570272800,190.937813753396,-0.357357643742461,0,1
1237671764786348272,190.777091512699,-0.437926333534957,0,1
1237671765323284636,190.402938744155,-0.254283975949601,0,1
1237648721235345582,190.538409097283,-0.149515978994524,0,1
1237648720161341583,189.903484654669,-0.914105488185913,0,1
1237648704042893479,189.480639589068,-0.274698688224958,0,1
1237648704579829937,189.65971645983,0.0360308720457461,0,1
1237648704043024627,189.885527680106,-0.393738035874091,0,1
1237648722308759883,189.814817060955,0.743392342348785,0,1
1237648705653833867,190.223473298737,1.00835660383573,0,1
1237671267107537072,190.692489019891,0.539848545928796,0,1
1237671764786741386,190.726706252974,0.446834671556876,0,1
1237671266570600643,190.913262254026,0.403904049798788,0,1
1237671266033795146,191.332335647167,0.47061649133192,0,1
1237671266570928294,191.084464660346,1.09599588295228,0,1
1237671764250067131,191.273482556346,0.832182697066822,0,1
1237671763712934141,191.713382214642,0.297041056805636,0,1
1237671265497055455,191.796661616746,0.860451290835138,0,1
1237648720162717818,193.109289458289,-0.925154296817417,0,1
1237648720162586831,192.835920228147,-0.905975176708602,0,1
1237648720699457682,192.746197959658,-0.422627090314859,0,1
1237648720699326605,192.469688713769,-0.539870200178608,0,1
1237648720699326688,192.550455869358,-0.573876613330238,0,1
1237648703507267601,192.334345989955,-0.726579301231913,0,1
1237648704043942125,191.981002772577,-0.315001856661741,0,1
1237648720162324587,192.136426695571,-1.03763643970108,0,1
1237671763712934080,191.736987787142,0.254360533070893,0,1
1237671265496858791,191.854987528064,0.330421564454345,0,1
1237671265496858835,191.76402758684,0.382512329944684,0,1
1237648705654816829,192.567697222115,0.929018183439966,0,1
1237671264960053371,192.209790949426,0.49680517603673,0,1
1237671264959987879,192.355303918239,0.362085643869173,0,1
1237671762639388682,192.58044849611,0.590965002483128,0,1
1237648722847006865,192.929273854644,1.15722297980178,0,1
1237648721773658181,193.819076302415,0.246895362179933,0,1
1237648721773658261,193.758175515649,0.25964519736814,0,1
1237648720163766426,195.429824943456,-0.902508952271073,0,1
1237648704045646040,195.837637522668,-0.211456232081785,0,1
1237648704045645977,195.80426220322,-0.348938493963836,0,1
1237648702971576513,195.120278150764,-1.19237046994658,0,1
1237648720163438797,194.772502470089,-0.912430482968101,0,1
1237648704045318338,195.136285519853,-0.365312372265001,0,1
1237648702971379914,194.686475471637,-1.08056777566841,0,1
1237648703508250806,194.645379740694,-0.7114584592094,0,1
1237648703508316414,194.836761547904,-0.639453406385664,0,1
1237648720700113028,194.253327827395,-0.462690897513032,0,1
1237648704044925082,194.143389730412,-0.221734269512704,0,1
1237648720700047521,194.185822963845,-0.478394883151386,0,1
1237648703508054225,194.122284909995,-0.746222569961546,0,1
1237648705655865583,194.9489339548,1.03920276511556,0,1
1237648722310791335,194.429860422136,0.701263185747508,0,1
1237648674510733466,194.966549250741,0.342975575768412,0,1
1237648722311184533,195.273665541818,0.758400898528894,0,1
1237648705119322227,195.65361199505,0.537606679881052,0,1
1237648674510995594,195.644360768067,0.348564638983293,0,1
1237648703509364815,197.20880175448,-0.817319435222465,0,1
1237648703509561479,197.573982230511,-0.654629543291741,0,1
1237648704046366849,197.431051689814,-0.224783171980092,0,1
1237648720164290653,196.676233300307,-0.973641623285135,0,1
1237648703509037248,196.467347949485,-0.723749101169871,0,1
1237648720701096096,196.478660629928,-0.570437113027883,0,1
1237648721237901433,196.29829291159,-0.0889698421986753,0,1
1237648674510995596,195.639974015916,0.338423323880747,0,1
1237648705656389722,196.074582314694,0.866262820919345,0,1
1237648722848383145,196.087397215401,1.15100797492294,0,1
1237648721774706896,196.162747915037,0.417005093185689,0,1
1237648704582647975,196.141256364173,0.0674924604774519,0,1
1237648722848514188,196.422453518078,1.18990983593067,0,1
1237648705656389816,196.188157062283,1.02947420212334,0,1
1237648722311708805,196.465957286152,0.732977188860249,0,1
1237648722311774329,196.682753022828,0.695639797941994,0,1
1237648674511585367,196.921341647923,0.314887907745622,0,1
1237648705120043261,197.375175254268,0.514938269963446,0,1
1237648705656914132,197.332295717102,0.883703201622105,0,1
1237648674511913132,197.729668434988,0.244155643231036,0,1
1237648705657045171,197.679062669434,0.892110155376538,0,1
1237648722312167501,197.609020386709,0.679346967415657,0,1
1237648674512044132,197.987218454245,0.230914044648425,0,1
1237648704583434392,197.874866704268,0.149366012404062,0,1
1237648702973345925,199.130546440685,-1.08663563381048,0,1
1237648720165339250,199.056599118938,-0.912510451953458,0,1
1237648704047284450,199.568102803737,-0.217781485045714,0,1
1237648720165273713,198.865607773734,-0.888783387671475,0,1
1237648704046825654,198.493224301194,-0.256808281530558,0,1
1237651203157655764,198.483456899914,-0.582208294576326,0,1
1237648703509823748,198.16902506594,-0.774984309153288,0,1
1237648704046694510,198.187333791062,-0.277225351582232,0,1
1237648703509692605,197.899923627787,-0.772236726415344,0,1
1237648720701685792,197.903351383236,-0.483104549888074,0,1
1237648720701751391,197.971195775127,-0.495485185845307,0,1
1237648720164749408,197.70804151049,-1.02508934646622,0,1
1237648720164683836,197.599055134425,-1.01050375143163,0,1
1237648720701620455,197.744609781709,-0.482043070156435,0,1
1237648705656848570,197.208646128927,1.00224528794117,0,1
1237648722311839925,196.845359400989,0.741750876210412,0,1
1237648704583368861,197.728206701264,0.179692258293224,0,1
1237648722849300549,198.184437409504,1.15566647768166,0,1
1237648705657307322,198.22808042146,1.03597529213887,0,1
1237648705657307283,198.213057302496,1.00179870183411,0,1
1237648704583499954,198.087249048449,0.116957068075081,0,1
1237648705657372841,198.34863089185,0.958497065929375,0,1
1237648722312495299,198.327438811032,0.669458903877779,0,1
1237651204231397640,198.505577753888,0.390559325842975,0,1
1237648705657438343,198.467585669272,1.00721935844589,0,1
1237648705657766016,199.251606583083,0.925449037356278,0,1
1237648705657700466,199.10056555565,0.859673330870612,0,1
1237648705657700502,199.135682845382,0.870258637817378,0,1
1237648722312888432,199.146934206708,0.782540771524096,0,1
1237648705657700555,199.151844038005,0.85887589038861,0,1
1237648704584089650,199.377066341616,0.208873709255064,0,1
1237648702974001283,200.569839569039,-1.10224101961432,0,1
1237648720166125649,200.822134676541,-0.914673973419983,0,1
1237648704048005275,201.169586466759,-0.234745920376017,0,1
1237648704047939897,201.12509102912,-0.357882114469284,0,1
1237648702973870286,200.328518769036,-1.1496902622817,0,1
1237648702973804760,200.136928142031,-1.18656805834246,0,1
1237651203157721306,198.637918755927,-0.465923117233096,0,1
1237648703510085765,198.776857051521,-0.709394457079197,0,1
1237648722311119019,195.243843698997,0.837991053481362,0,1
1237648720164356280,196.864810965869,-0.894117873906398,0,1
1237648702972493991,197.161034449824,-1.21960864831514,0,1
1237648722848055441,195.345787336767,1.11185816080983,0,1
1237648722311053416,194.958563737097,0.761517056834234,0,1
1237648705655537793,194.172611596324,0.899762363095039,0,1
1237648704580944013,192.208506084723,0.116454015763085,0,1
1237671266033533035,191.324650025033,-0.120392738847646,0,1
1237671763712344177,191.650201178994,-1.17332353851595,0,1
1237671764786675924,190.851139173355,0.33411731016595,0,1
1237671764249673775,191.239097969774,-0.0431215634184068,0,1
1237671763712671983,191.572960785207,-0.282653110340486,0,1
1237671763712344278,191.505749419847,-1.07321224190898,0,1
1237648722845499499,189.458017519457,1.13100560528212,0,1
1237648721235017815,189.736759262197,-0.104432764546381,0,1
1237648721771888672,189.754670504962,0.3655465085504,0,1
1237648722845434091,189.324939447504,1.09588506605254,0,1
1237648720697884932,189.232586149108,-0.56192117718909,0,1
1237648722307252407,186.363672567453,0.710127711933171,0,1
1237648703505236138,187.745177349179,-0.702901223124023,0,1
1237648705651802266,185.675665606899,0.940288611961315,0,1
1237671763712737434,191.708316831771,-0.241033393417093,0,1
1237671763712737566,191.642651955453,-0.227766428002638,0,1
1237671763712868565,191.697738752235,0.1174417865528,0,1
1237648703510085847,198.777047354488,-0.676543767471657,0,1
1237648720163963021,195.871446186802,-0.966970135856719,0,1
1237648721238294575,197.241423213311,-0.041492606855213,0,1
1237648722847334574,193.723762428753,1.15910533335735,0,1
1237648703507726524,193.434191914975,-0.753533474991913,0,1
1237648721236721787,193.657679544924,-0.184541255305964,0,1
1237648720699785272,193.50432127028,-0.567022395186539,0,1
1237648720699981836,193.908978165796,-0.590661812255759,0,1
1237648705655210062,193.349460767306,1.03297068579326,0,1
1237648720699654255,193.163749399979,-0.445699057256204,0,1
1237671764249477260,191.224136703511,-0.557078475059188,0,1
1237671764249477352,191.227088440654,-0.444500523887532,0,1
1237648702968889559,188.901522769321,-1.10432226439627,0,1
1237648722307252439,186.371946154968,0.72619396976593,0,1
1237648721770184860,185.843761984453,0.304734359462662,0,1
1237648720163897427,195.74381509303,-0.897972713379427,0,1
1237648721238294636,197.20810046459,-0.188235124611788,0,1
1237648702971248836,194.249718734655,-1.12907052738306,0,1
1237648704580943982,192.156200110983,0.0593196216645113,0,1
1237648720162652384,192.971923316191,-0.940407723197511,0,1
1237648721235083270,189.888277095843,-0.175456603381959,0,1
1237648720165798099,200.183149377939,-0.897794653467474,0,1
1237648704047677507,200.479937749473,-0.313666016056178,0,1
1237648704047743071,200.538772320057,-0.351050425573863,0,1
1237648720165667158,199.839658138968,-0.964385298706396,0,1
1237648702973673719,199.920597794085,-1.0831322493763,0,1
1237648702973673658,199.874394979998,-1.14547019443551,0,1
1237648704047546574,200.188566610779,-0.413796515772026,0,1
1237648720165667029,199.769643354331,-0.891089413537086,0,1
1237648720165667052,199.787608229686,-0.914201221271584,0,1
1237648703510479093,199.744178211555,-0.628544548691995,0,1
1237648702973476909,199.444222289094,-1.15225638659707,0,1
1237648702973477059,199.454588818242,-1.20375982547262,0,1
1237651203158179872,199.598134386872,-0.529519351008011,0,1
1237651203695050825,199.679055719885,-0.17892526283259,0,1
1237648704047349891,199.669540284732,-0.374748342264238,0,1
1237648705657700501,199.149132078155,0.869788241071112,0,1
1237648705657897106,199.541958816105,0.985716360683612,0,1
1237648705657897139,199.562172364769,0.870816559521942,0,1
