ra,dec,t03_bar_a07_no_bar_fraction,t03_bar_a06_bar_fraction
184.072,-1.162677,1,0
192.1216,-1.066061,1,0
198.5266,-1.205134,1,0
184.1254,-0.8206788,1,0
188.6436,-0.7891348,1,0
189.6066,-0.8107404,1,0
197.2307,-0.6987063,1,0
215.9446,-0.6641066,1,0
233.1381,-0.7586831,1,0
190.8538,-0.2557471,1,0
191.9702,-0.2250572,1,0
208.186,-0.2572626,1,0
222.8148,-0.3721496,1,0
229.0963,-0.3014369,1,0
230.9501,-0.2838001,1,0
184.6958,0.09404158,1,0
203.7952,0.2072283,1,0
218.0327,0.1651945,1,0
222.7274,0.02766595,1,0
226.6707,0.07675408,1,0
191.4708,0.4745362,1,0
192.2462,0.5491402,1,0
204.921,0.4593009,1,0
207.7753,0.4622778,1,0
209.9149,0.5943499,1,0
195.2519,0.8824897,1,0
208.3599,0.8673917,1,0
218.1026,0.8447608,1,0
194.809,-3.450128,1,0
181.5896,-3.025901,1,0
191.8931,-3.05765,1,0
200.4883,-2.996544,1,0
198.8581,-2.557353,1,0
180.9966,-2.107602,1,0
190.6644,-2.238303,1,0
196.51,-2.186135,1,0
197.615,-2.070896,1,0
171.72,-1.784606,1,0
172.5439,-1.723153,1,0
174.7359,-1.775054,1,0
182.0687,-1.782537,1,0
197.2172,-1.681602,1,0
178.2872,-1.430461,1,0
179.7335,-1.430429,1,0
189.4645,-1.303436,1,0
190.7174,-1.425259,1,0
190.7625,-1.282742,1,0
193.5276,-1.283983,1,0
173.5881,-3.61729,1,0
177.5588,-3.658067,1,0
192.3895,-3.55785,1,0
193.4112,-3.541839,1,0
196.4363,-3.571145,1,0
173.2905,-2.661237,1,0
173.8054,-2.754538,1,0
173.8265,-2.774062,1,0
189.8712,-2.894494,1,0
193.7511,-2.287415,1,0
172.6753,-1.999497,1,0
172.8982,-1.863718,1,0
177.21,-2.032236,1,0
181.4393,-1.919142,1,0
197.9096,-1.809753,1,0
175.6472,-1.486942,1,0
194.6343,-1.588335,1,0
196.0016,-1.490038,1,0
147.8981,-0.31812,1,0
146.0608,0.1923244,1,0
142.7758,0.4562698,1,0
135.2162,52.65971,1,0
137.9682,54.18869,1,0
120.1554,41.23656,1,0
124.3561,45.25354,1,0
143.5852,57.14612,1,0
120.8552,42.57976,1,0
118.9075,41.07323,1,0
123.7185,45.87135,1,0
138.5356,56.09095,1,0
123.3215,46.37235,1,0
124.5114,47.58382,1,0
128.8351,50.70308,1,0
124.6716,48.30978,1,0
127.1563,50.30032,1,0
132.2525,53.78481,1,0
154.2838,60.18414,1,0
159.85,62.86837,1,0
253.6076,61.73725,1,0
256.8503,57.85268,1,0
255.5344,60.96355,1,0
256.7655,58.8547,1,0
255.4456,62.99493,1,0
258.4659,59.09186,1,0
260.6758,56.89891,1,0
262.3399,52.99335,1,0
261.951,55.55782,1,0
134.0658,55.1215,1,0
148.6239,61.52163,1,0
211.5659,63.856,1,0
123.3945,47.75321,1,0
124.7333,48.96165,1,0
167.0438,65.69376,1,0
204.1858,65.66099,1,0
210.3353,64.67835,1,0
115.1965,39.06703,1,0
126.1678,50.90362,1,0
128.3445,52.53227,1,0
131.6625,54.92052,1,0
132.2343,55.1357,1,0
144.3985,61.01565,1,0
160.1868,65.12235,1,0
198.982,66.56116,1,0
205.6006,65.88832,1,0
139.1218,59.30151,1,0
166.9733,66.60471,1,0
176.4484,67.44901,1,0
119.4979,46.01337,1,0
122.1677,48.67506,1,0
123.1451,49.70889,1,0
124.5166,50.98381,1,0
133.8757,57.4615,1,0
145.6181,62.44944,1,0
120.1396,47.50975,1,0
132.537,57.10155,1,0
147.087,63.32717,1,0
152.6038,65.05494,1,0
173.6128,67.9779,1,0
264.4866,55.64979,1,0
265.2202,55.70726,1,0
257.7707,64.05229,1,0
257.8972,63.8385,1,0
258.2729,64.09124,1,0
262.4996,59.34742,1,0
264.2584,55.30075,1,0
122.6717,46.70588,1,0
123.4447,48.15445,1,0
112.9257,36.52485,1,0
115.2392,39.77961,1,0
118.1984,43.39313,1,0
113.4814,37.93119,1,0
117.6818,43.37099,1,0
144.3637,60.32701,1,0
148.4916,61.68162,1,0
179.8104,66.39704,1,0
233.5096,56.68571,1,0
170.5621,66.31021,1,0
178.9423,66.95921,1,0
200.3355,66.14095,1,0
240.0676,54.02705,1,0
148.8495,63.17823,1,0
173.0375,67.40324,1,0
157.5932,65.86527,1,0
158.8753,65.97208,1,0
164.1566,66.96178,1,0
225.9608,62.27876,1,0
244.8554,51.65202,1,0
219.0973,64.83491,1,0
225.8427,62.71129,1,0
233.5152,59.45786,1,0
125.1939,49.08891,1,0
132.5539,54.55062,1,0
128.7038,52.41653,1,0
131.4978,54.44333,1,0
125.9317,51.60815,1,0
126.4049,52.14157,1,0
129.7018,54.30465,1,0
129.9246,54.60001,1,0
253.487,41.33621,1,0
255.5989,38.44765,1,0
249.6596,46.61305,1,0
181.4197,1.575058,1,0
191.3325,1.492411,1,0
196.5546,1.478517,1,0
225.0351,1.024504,1,0
180.4017,2.072263,1,0
181.1934,2.005222,1,0
197.7725,1.872686,1,0
208.7298,1.776861,1,0
209.6978,1.81474,1,0
217.6503,1.53059,1,0
231.1553,1.194193,1,0
231.7961,1.129376,1,0
192.4162,2.33992,1,0
200.2761,2.282924,1,0
204.5009,2.34451,1,0
214.4194,2.035274,1,0
220.3435,1.926628,1,0
233.5388,1.547394,1,0
235.459,1.383872,1,0
182.9485,2.863385,1,0
185.4955,2.761844,1,0
225.2368,2.150518,1,0
231.713,2.1207,1,0
179.5222,3.303589,1,0
186.8801,3.259722,1,0
187.1129,3.183703,1,0
205.9121,3.073241,1,0
208.9674,2.995344,1,0
213.3275,2.832578,1,0
217.3014,2.758328,1,0
221.1314,2.680083,1,0
227.0891,2.631086,1,0
235.8649,2.220962,1,0
228.5487,2.602738,1,0
187.5863,3.74015,1,0
205.7384,3.445215,1,0
170.6938,1.298658,1,0
179.2401,1.280298,1,0
201.0333,1.322729,1,0
201.7802,1.32338,1,0
132.419,0.8678867,1,0
139.7068,1.018559,1,0
145.0002,1.106231,1,0
160.347,1.626643,1,0
164.625,1.628157,1,0
180.4823,1.838642,1,0
144.6087,1.49066,1,0
156.5447,1.779671,1,0
159.6607,1.860884,1,0
162.7162,2.07494,1,0
163.7121,1.961885,1,0
171.5035,2.075747,1,0
190.3705,2.171293,1,0
206.9832,1.950307,1,0
214.3916,1.936916,1,0
225.1454,1.689343,1,0
130.8163,1.484095,1,0
158.917,2.250876,1,0
159.9046,2.306813,1,0
163.9608,2.389129,1,0
165.604,2.461967,1,0
168.7263,2.540122,1,0
169.4062,2.592331,1,0
182.1401,2.686921,1,0
184.6917,2.571059,1,0
194.6293,2.475103,1,0
200.4023,2.608713,1,0
203.525,2.461151,1,0
216.633,2.308619,1,0
219.4254,2.138173,1,0
224.1706,2.06159,1,0
134.6706,2.078237,1,0
141.4185,2.291168,1,0
146.3945,2.464538,1,0
150.639,2.642472,1,0
163.9818,2.922915,1,0
166.8606,2.882034,1,0
168.8505,2.989885,1,0
176.5323,3.002519,1,0
184.9474,3.125698,1,0
188.2877,3.080241,1,0
195.6904,2.949245,1,0
197.25,3.054776,1,0
215.0271,2.670372,1,0
222.3098,2.523837,1,0
152.9929,2.969062,1,0
159.1334,3.152269,1,0
161.8779,3.333158,1,0
168.9656,3.313003,1,0
170.3855,3.432714,1,0
175.4479,3.478762,1,0
175.8647,3.460511,1,0
183.9207,3.402686,1,0
190.6697,3.525131,1,0
204.1517,3.341168,1,0
214.0666,3.623951,1,0
220.5264,3.330752,1,0
220.9314,3.217066,1,0
225.537,3.121804,1,0
228.9364,2.77818,1,0
229.754,2.872638,1,0
230.4017,2.804932,1,0
235.6785,2.385633,1,0
236.7907,2.325859,1,0
239.7454,2.642237,1,0
211.6112,4.545053,1,0
239.2844,2.985112,1,0
217.2281,4.722479,1,0
219.9611,4.687892,1,0
225.2663,4.306355,1,0
228.1013,4.244088,1,0
228.2894,4.265455,1,0
231.9042,3.890018,1,0
232.0789,3.95211,1,0
238.7503,3.562717,1,0
219.7749,4.976173,1,0
228.8133,4.460148,1,0
124.3447,42.22955,1,0
128.7341,46.35894,1,0
149.9821,1.110621,1,0
150.9199,1.209522,1,0
130.4909,0.9298938,1,0
136.4115,2.021412,1,0
139.9355,2.127215,1,0
130.9563,2.145741,1,0
135.1723,2.245778,1,0
150.0386,2.713188,1,0
154.488,1.292158,1,0
155.0201,1.267021,1,0
166.7726,1.340253,1,0
171.3864,1.538262,1,0
156.5258,1.770043,1,0
160.0804,1.845498,1,0
160.2358,1.816686,1,0
172.8323,1.868911,1,0
154.5905,2.012518,1,0
161.9748,2.15119,1,0
166.0765,2.313431,1,0
166.5448,2.366123,1,0
153.1853,2.345245,1,0
166.1268,2.677181,1,0
170.2011,2.66131,1,0
174.1273,2.677402,1,0
157.4837,2.947781,1,0
166.2475,3.045684,1,0
172.2729,3.183961,1,0
163.5886,3.395778,1,0
125.9886,45.57507,1,0
120.1109,37.75335,1,0
128.0947,44.87691,1,0
114.1365,31.37097,1,0
116.3658,34.17337,1,0
121.1319,39.9386,1,0
120.3488,39.88959,1,0
194.6309,63.61242,1,0
202.3035,62.83904,1,0
183.6817,64.27709,1,0
184.6431,64.3083,1,0
188.5286,64.55205,1,0
193.2093,64.38497,1,0
178.1988,65.29646,1,0
181.8035,65.90237,1,0
165.3192,3.56292,1,0
164.1954,3.890203,1,0
130.5549,2.624612,1,0
134.7135,2.913047,1,0
136.5259,2.961904,1,0
148.8846,3.692225,1,0
160.8339,4.277317,1,0
162.7334,4.398449,1,0
133.5308,3.145913,1,0
159.7962,4.641436,1,0
167.6023,4.830042,1,0
155.0912,4.888982,1,0
157.8693,5.023932,1,0
161.1718,5.045973,1,0
160.6387,5.507739,1,0
123.1137,38.62048,1,0
119.7257,36.12814,1,0
120.5709,38.18523,1,0
211.1826,62.72145,1,0
216.314,61.88052,1,0
123.6998,38.4436,1,0
124.048,38.73591,1,0
131.1782,44.37791,1,0
141.6538,50.44827,1,0
116.8326,31.74697,1,0
117.2777,32.48415,1,0
118.9889,34.15284,1,0
146.9388,53.10623,1,0
141.0939,51.23404,1,0
128.2949,44.05579,1,0
147.5786,54.46887,1,0
129.2775,45.19483,1,0
132.6664,47.67609,1,0
138.8432,51.05038,1,0
147.3795,55.16249,1,0
149.1179,0.1839717,1,0
156.7213,0.1420898,1,0
173.9177,63.60682,1,0
181.889,64.01691,1,0
182.078,64.02689,1,0
187.5004,63.99246,1,0
188.9252,63.97372,1,0
175.4406,64.05831,1,0
182.5855,64.8666,1,0
190.2131,64.73083,1,0
190.2214,65.21315,1,0
188.6292,3.9763,1,0
193.7677,3.935968,1,0
198.6729,3.988358,1,0
209.2593,3.655178,1,0
210.894,3.635398,1,0
211.2511,3.517586,1,0
218.6602,3.187123,1,0
195.9299,4.314776,1,0
198.4381,4.317656,1,0
199.4944,4.403408,1,0
219.4161,3.537756,1,0
192.0709,4.816901,1,0
227.866,3.516974,1,0
230.4868,3.38144,1,0
232.908,3.328589,1,0
195.3109,5.214232,1,0
208.5564,4.795392,1,0
227.964,4.050814,1,0
228.918,3.897303,1,0
189.7559,5.781733,1,0
192.5137,5.782639,1,0
202.7788,5.499239,1,0
212.9733,5.082108,1,0
213.5475,5.043301,1,0
229.8164,4.252508,1,0
231.8596,4.190094,1,0
187.7548,6.067378,1,0
187.8578,6.127633,1,0
195.5334,6.018003,1,0
239.2296,53.06257,1,0
224.0442,61.13064,1,0
239.7707,54.00006,1,0
220.8285,63.07161,1,0
233.1486,58.32017,1,0
241.6942,53.08496,1,0
240.1622,54.98335,1,0
243.0151,52.79041,1,0
245.5598,51.62925,1,0
254.0272,39.33384,1,0
255.4199,37.60691,1,0
257.529,34.53489,1,0
247.4078,48.47254,1,0
257.6171,36.16692,1,0
261.1975,30.22065,1,0
246.6101,49.7186,1,0
247.7599,48.66693,1,0
252.7584,43.35994,1,0
255.8224,39.34032,1,0
251.8886,45.13547,1,0
253.2598,43.45073,1,0
152.0907,54.27762,1,0
164.5376,57.19223,1,0
126.1222,40.67515,1,0
132.8766,45.79097,1,0
139.0478,49.31486,1,0
139.6303,49.54542,1,0
142.251,50.78804,1,0
150.2396,53.94396,1,0
158.7941,56.52502,1,0
181.1608,59.17485,1,0
183.3039,59.195,1,0
198.0068,58.61773,1,0
140.577,50.74503,1,0
159.7077,57.00426,1,0
161.8499,57.43379,1,0
167.6092,58.40208,1,0
168.6921,58.64303,1,0
180.6963,59.69677,1,0
187.6919,59.75756,1,0
124.9396,41.14874,1,0
131.355,45.96106,1,0
131.8876,46.30493,1,0
132.4614,46.72476,1,0
140.4904,51.04089,1,0
203.3581,58.72223,1,0
129.3091,45.0857,1,0
131.7614,46.66933,1,0
139.9987,51.563,1,0
140.6662,51.68928,1,0
146.3806,54.2615,1,0
146.4483,54.7766,1,0
146.5603,54.66379,1,0
206.487,59.15106,1,0
252.3752,38.82388,1,0
253.8005,37.22567,1,0
242.4638,49.16675,1,0
248.5611,43.97641,1,0
256.3482,34.80156,1,0
256.7802,34.21154,1,0
256.6899,34.07224,1,0
260.9056,27.64164,1,0
241.0282,50.97644,1,0
248.6969,44.33821,1,0
253.9887,38.67094,1,0
260.992,28.65894,1,0
242.3177,50.53549,1,0
248.2,45.48811,1,0
251.3473,42.31436,1,0
253.3379,39.95689,1,0
247.8236,39.794,1,0
246.0136,42.03347,1,0
252.0724,35.84109,1,0
256.9936,29.84249,1,0
257.8598,28.70875,1,0
258.0898,28.26598,1,0
248.1658,40.85854,1,0
248.3312,40.65533,1,0
252.1349,36.4549,1,0
247.2454,42.41969,1,0
249.1397,40.5462,1,0
255.2904,33.60836,1,0
258.9467,28.71476,1,0
246.7793,43.43645,1,0
258.833,29.41637,1,0
229.7092,0.9593813,1,0
232.5997,1.310679,1,0
235.7551,1.222227,1,0
247.1193,40.72082,1,0
254.7625,32.409,1,0
249.5237,39.09602,1,0
247.7252,42.08167,1,0
255.6364,33.37954,1,0
245.6049,44.78565,1,0
247.1556,43.35426,1,0
247.5732,42.95271,1,0
250.7955,39.72299,1,0
206.1286,-3.479372,1,0
213.3741,-2.859725,1,0
203.4533,-2.321445,1,0
203.9292,-2.254389,1,0
204.7804,-2.351465,1,0
213.4294,-2.120835,1,0
211.9585,-1.653151,1,0
204.1794,-3.341157,1,0
227.3237,-2.453377,1,0
228.6166,-2.350319,1,0
206.9333,-2.385201,1,0
201.6861,-2.035386,1,0
204.2583,-2.143394,1,0
226.9545,-1.481904,1,0
232.4159,-1.356256,1,0
202.6377,-1.659613,1,0
203.5788,-1.642168,1,0
212.5919,-1.114995,1,0
214.0008,-1.104208,1,0
255.8121,35.81965,1,0
215.2785,-2.877431,1,0
216.1087,-2.893065,1,0
218.1202,-2.836305,1,0
224.9296,-2.71716,1,0
222.9046,-2.390768,1,0
228.7345,-2.06888,1,0
230.243,-2.009208,1,0
214.9521,-1.707051,1,0
228.0227,4.768971,1,0
230.9717,4.399006,1,0
215.3066,6.134589,1,0
216.5872,6.163885,1,0
222.3016,5.739868,1,0
226.3798,5.386265,1,0
228.874,5.013124,1,0
230.9564,4.847339,1,0
231.6666,4.759689,1,0
236.3562,4.478807,1,0
228.1343,5.69081,1,0
232.1406,5.164085,1,0
235.8745,4.794453,1,0
236.9838,4.786094,1,0
237.9518,4.728987,1,0
241.5715,4.323456,1,0
217.1538,6.901515,1,0
222.9615,6.539444,1,0
224.8196,6.253931,1,0
228.0643,6.029338,1,0
229.3295,5.835345,1,0
231.2829,5.796055,1,0
214.3476,7.48406,1,0
227.9774,6.378256,1,0
319.4166,0.4215658,1,0
319.9178,0.9310707,1,0
314.8146,-0.1192758,1,0
318.3282,-0.1652915,1,0
312.8853,0.214529,1,0
334.9037,-0.9859126,1,0
354.2598,-0.9116193,1,0
356.4452,-0.8409566,1,0
7.689928,-0.9779429,1,0
324.7952,-0.5337903,1,0
338.9711,-0.4336406,1,0
347.0664,-0.5073395,1,0
2.414704,-0.5401928,1,0
4.270321,-0.4933752,1,0
5.144525,-0.4707724,1,0
332.6261,-0.00614636,1,0
333.7199,-0.1898787,1,0
7.312277,-0.1451774,1,0
341.334,0.3270957,1,0
344.4091,0.3415225,1,0
346.7644,0.34965,1,0
346.0173,0.7806812,1,0
359.4323,0.6551749,1,0
10.63395,0.676895,1,0
322.2255,1.0785,1,0
166.7861,54.92578,1,0
168.3054,55.55582,1,0
170.8438,55.96034,1,0
170.6392,56.8331,1,0
160.8204,55.59244,1,0
164.7685,56.38105,1,0
163.1981,56.48835,1,0
22.00042,-0.968613,1,0
30.19114,-0.9080707,1,0
42.81955,-0.935276,1,0
46.62779,-0.9946173,1,0
51.58122,-0.9126567,1,0
52.36431,-0.8730862,1,0
57.45865,-0.8456742,1,0
21.25957,-0.4435537,1,0
23.50389,-0.5368218,1,0
24.90125,-0.446542,1,0
47.90184,-0.5615786,1,0
53.89825,-0.4906737,1,0
27.4705,-0.09171925,1,0
47.89158,-0.1008774,1,0
51.86915,-0.1547955,1,0
56.58068,-0.1963641,1,0
28.43983,0.2690621,1,0
39.64495,0.3258251,1,0
53.68611,0.297103,1,0
22.23554,0.633199,1,0
20.41112,1.248804,1,0
36.47696,1.201465,1,0
49.25917,1.254975,1,0
126.2728,35.63193,1,0
128.5213,37.24554,1,0
125.3855,35.42336,1,0
148.5596,48.54794,1,0
135.5255,43.10274,1,0
148.1163,48.85392,1,0
138.0605,44.95485,1,0
143.9746,45.9255,1,0
121.0213,31.44759,1,0
118.3697,29.34937,1,0
118.3526,29.35888,1,0
130.9953,39.87946,1,0
117.0659,28.71534,1,0
129.9196,40.23323,1,0
151.1096,48.85822,1,0
152.0611,49.11775,1,0
152.3685,49.17672,1,0
150.5332,49.10766,1,0
154.2324,50.31009,1,0
176.6046,54.5488,1,0
180.6433,54.7502,1,0
184.639,54.7953,1,0
167.5615,53.95321,1,0
175.291,54.97783,1,0
178.7983,55.1407,1,0
172.8052,55.1214,1,0
175.4789,55.46693,1,0
188.2948,55.71786,1,0
179.1107,55.98877,1,0
179.8055,56.10299,1,0
184.4561,56.24562,1,0
128.9631,40.04265,1,0
120.4495,33.21525,1,0
125.1715,37.4571,1,0
127.3761,41.17404,1,0
122.7733,35.20755,1,0
132.6754,42.79369,1,0
114.1575,27.58067,1,0
121.0459,34.85634,1,0
120.7757,35.1614,1,0
122.4802,36.80655,1,0
129.8779,43.19961,1,0
173.4132,55.94335,1,0
179.0755,56.45958,1,0
164.4281,55.61412,1,0
167.4487,56.12737,1,0
167.7482,56.1043,1,0
172.9586,57.13702,1,0
181.9046,57.748,1,0
182.5621,57.83689,1,0
185.0036,57.74805,1,0
194.3036,57.50718,1,0
163.4151,56.35025,1,0
164.8414,56.60532,1,0
174.9146,57.94051,1,0
164.3897,56.96041,1,0
164.9624,57.08316,1,0
171.0627,57.80729,1,0
179.1705,58.59046,1,0
193.8414,58.34409,1,0
138.2724,47.765,1,0
143.0217,49.92641,1,0
155.6397,52.70356,1,0
136.6516,45.66175,1,0
148.9606,51.74755,1,0
158.2527,54.43555,1,0
158.8268,54.56525,1,0
138.9736,47.95647,1,0
146.1463,52.07308,1,0
132.8582,37.4355,1,0
134.0898,38.22958,1,0
134.6132,38.46557,1,0
134.5847,38.52269,1,0
115.0802,23.1913,1,0
118.4232,26.49269,1,0
126.8044,34.38386,1,0
130.8793,37.13137,1,0
120.9182,29.99019,1,0
122.1164,31.2541,1,0
133.5445,39.52448,1,0
178.3845,51.46033,1,0
190.4308,51.36565,1,0
167.0647,50.6503,1,0
169.3462,51.01339,1,0
170.3554,51.55207,1,0
179.9742,52.32432,1,0
151.5454,48.10336,1,0
156.3009,49.63313,1,0
166.4994,51.84014,1,0
177.7196,53.06666,1,0
178.2984,53.13723,1,0
182.3401,53.25049,1,0
195.7765,52.66785,1,0
169.4349,52.5799,1,0
172.3342,53.01289,1,0
175.5353,53.25723,1,0
192.6307,53.37955,1,0
141.3982,39.95496,1,0
148.9822,43.10371,1,0
152.589,44.31983,1,0
115.6271,22.36393,1,0
155.4475,45.77808,1,0
143.6219,41.81045,1,0
143.8251,42.10282,1,0
148.5811,43.941,1,0
134.1787,37.63395,1,0
155.1488,46.56276,1,0
154.2786,46.69538,1,0
118.4833,24.69736,1,0
114.997,22.64529,1,0
125.9172,31.85825,1,0
126.0696,31.16179,1,0
128.4173,32.79984,1,0
119.4982,26.40575,1,0
123.7577,30.0029,1,0
125.0354,30.83623,1,0
125.9936,31.63821,1,0
118.9372,26.58303,1,0
126.3771,32.47918,1,0
132.052,36.78074,1,0
132.5022,34.7743,1,0
158.9549,45.89783,1,0
161.0228,46.37812,1,0
176.138,48.65567,1,0
181.9379,48.96968,1,0
183.6469,49.11329,1,0
189.9732,49.04849,1,0
207.2186,46.90433,1,0
217.8632,44.08309,1,0
173.9407,48.85072,1,0
174.0946,49.0558,1,0
224.6973,41.96124,1,0
231.1883,38.9386,1,0
129.4167,33.92029,1,0
131.8429,35.4679,1,0
131.8557,35.55396,1,0
138.9259,39.45271,1,0
148.673,43.73433,1,0
195.3994,49.45354,1,0
213.7917,46.0192,1,0
126.4802,32.33402,1,0
175.795,49.97515,1,0
185.3393,50.31542,1,0
230.5701,40.1609,1,0
128.8055,34.55497,1,0
173.3782,50.11324,1,0
179.3629,50.63348,1,0
189.8804,50.58558,1,0
207.5096,48.61716,1,0
225.1042,43.287,1,0
186.6694,51.23467,1,0
193.6745,50.81279,1,0
212.0188,47.90311,1,0
218.3401,46.10365,1,0
162.8097,5.84002,1,0
159.4222,5.964868,1,0
133.3716,4.409935,1,0
151.6001,5.972154,1,0
164.4424,6.748082,1,0
140.8287,5.424107,1,0
146.0256,5.965317,1,0
147.1804,6.134161,1,0
155.298,6.564498,1,0
123.8614,4.154351,1,0
140.3936,5.85862,1,0
166.8713,7.710179,1,0
168.3116,7.77243,1,0
155.7299,7.590573,1,0
161.6566,56.86052,1,0
165.2572,57.41488,1,0
170.4931,58.19995,1,0
157.3618,56.23619,1,0
169.0243,58.50092,1,0
150.5756,54.90999,1,0
150.6124,54.947,1,0
160.1057,57.37728,1,0
160.2096,57.39476,1,0
169.8575,58.9478,1,0
171.1666,59.9249,1,0
167.4575,59.93918,1,0
168.5184,60.20075,1,0
176.4699,58.80317,1,0
183.5277,59.05231,1,0
195.0922,59.02412,1,0
187.7234,59.76246,1,0
175.7743,59.66071,1,0
189.6768,60.14787,1,0
201.7814,59.17013,1,0
196.5607,60.31768,1,0
177.1587,60.99681,1,0
177.7037,60.8821,1,0
193.2088,60.89379,1,0
196.5656,60.69645,1,0
147.9056,5.003989,1,0
154.5959,5.629465,1,0
169.725,6.343848,1,0
174.8508,6.398285,1,0
178.2049,6.463024,1,0
179.0645,6.562424,1,0
127.0695,3.533273,1,0
132.0328,3.943013,1,0
132.8769,4.160452,1,0
159.6777,6.311027,1,0
172.6057,6.854257,1,0
174.6391,6.948151,1,0
175.2354,6.827282,1,0
177.5514,6.99849,1,0
136.1332,4.809863,1,0
147.5307,5.915108,1,0
156.4224,6.538838,1,0
156.8953,6.442719,1,0
173.233,7.296713,1,0
144.8264,6.087997,1,0
153.7156,6.730788,1,0
154.4757,6.883235,1,0
164.8693,7.45014,1,0
173.8376,7.725467,1,0
182.3245,7.793441,1,0
168.765,7.89753,1,0
170.8494,8.478869,1,0
176.3446,8.624327,1,0
164.6223,8.254543,1,0
171.7114,8.645881,1,0
190.5762,8.788154,1,0
194.5076,8.725852,1,0
134.7574,5.635412,1,0
161.1877,8.461267,1,0
163.0725,8.472776,1,0
172.1293,9.104426,1,0
185.1771,9.229195,1,0
186.2871,9.36647,1,0
139.6075,6.782995,1,0
147.5575,7.58422,1,0
161.1137,8.745947,1,0
165.8101,9.041253,1,0
177.9992,9.703046,1,0
183.5967,9.672627,1,0
189.8013,9.709673,1,0
192.1489,9.546901,1,0
155.5151,8.836529,1,0
172.2744,9.868161,1,0
176.3368,10.04971,1,0
181.7051,10.01681,1,0
185.3924,10.04131,1,0
185.6581,10.10971,1,0
130.0477,6.347168,1,0
152.3662,8.914701,1,0
177.1392,10.46771,1,0
179.1493,10.52454,1,0
183.8297,10.5484,1,0
167.8584,10.58132,1,0
174.7149,10.69802,1,0
175.3196,10.76689,1,0
179.8602,10.94905,1,0
183.2633,10.83741,1,0
184.9736,53.9214,1,0
152.4153,49.50371,1,0
181.6652,54.13147,1,0
186.4918,54.27085,1,0
199.7513,53.44533,1,0
208.2637,51.98335,1,0
157.8231,51.3431,1,0
161.3406,52.29013,1,0
169.4872,53.63665,1,0
173.8936,54.23467,1,0
177.324,54.40167,1,0
194.4297,54.35934,1,0
151.4305,50.02476,1,0
172.7103,54.39457,1,0
150.9342,50.37178,1,0
168.5125,54.3236,1,0
169.8965,55.06144,1,0
170.4178,55.09171,1,0
171.6888,55.2072,1,0
176.1242,55.57775,1,0
181.7772,55.98885,1,0
194.9485,54.00633,1,0
195.7015,54.33684,1,0
195.803,55.20514,1,0
231.4819,43.7257,1,0
236.5352,40.55637,1,0
241.9028,37.07679,1,0
217.5454,50.04283,1,0
245.2538,34.88139,1,0
227.1284,46.8684,1,0
232.1967,44.27983,1,0
232.6967,43.94338,1,0
247.3501,33.57618,1,0
248.1938,32.92913,1,0
248.4228,32.76566,1,0
250.502,30.6521,1,0
250.596,30.61946,1,0
252.3023,29.0927,1,0
252.461,28.81469,1,0
256.9334,23.99924,1,0
257.6966,23.21449,1,0
236.3338,42.4496,1,0
239.6837,40.12326,1,0
243.3456,37.49723,1,0
244.2469,36.91534,1,0
255.2076,26.78682,1,0
224.7979,48.68881,1,0
234.5048,43.9226,1,0
242.4261,38.80064,1,0
204.0184,52.40926,1,0
223.5346,46.98452,1,0
235.3792,41.19556,1,0
217.4521,49.6522,1,0
233.1656,43.0578,1,0
244.7275,35.15395,1,0
245.2083,34.50834,1,0
232.5603,43.8159,1,0
238.9463,39.79523,1,0
240.9222,38.60343,1,0
201.9356,54.09083,1,0
203.625,53.9159,1,0
212.6996,52.10151,1,0
232.9641,44.24312,1,0
216.1909,51.50484,1,0
216.7739,51.23888,1,0
222.7151,49.2333,1,0
230.3361,46.10593,1,0
243.2106,37.97551,1,0
206.2051,57.4611,1,0
207.0476,57.29266,1,0
214.8954,55.45897,1,0
211.7305,56.79409,1,0
214.7767,56.48363,1,0
208.7067,58.38796,1,0
216.9258,56.28718,1,0
207.687,58.99782,1,0
224.2745,52.01359,1,0
231.2043,49.21623,1,0
217.2683,55.20332,1,0
228.0882,51.37839,1,0
218.9801,55.66594,1,0
232.6139,50.66334,1,0
252.3213,28.16347,1,0
253.2453,27.72491,1,0
255.9228,24.86111,1,0
256.1721,24.71584,1,0
256.1967,24.58396,1,0
248.3628,33.14439,1,0
256.64,24.67338,1,0
227.8725,48.0715,1,0
231.9615,45.99733,1,0
245.9854,36.2276,1,0
226.6269,49.17581,1,0
246.1417,36.67098,1,0
248.4978,34.38562,1,0
243.9715,39.02416,1,0
244.3741,38.91224,1,0
245.0863,38.68223,1,0
253.6929,30.44525,1,0
245.8064,38.68357,1,0
236.1455,46.21541,1,0
236.0508,46.13932,1,0
246.2632,38.42877,1,0
215.0164,55.80982,1,0
232.4791,48.90084,1,0
234.9215,47.38382,1,0
239.8784,44.11579,1,0
250.1947,35.15251,1,0
252.7985,32.288,1,0
216.4442,55.75194,1,0
246.9158,39.16406,1,0
253.6574,32.19261,1,0
237.653,46.98241,1,0
253.6184,32.76287,1,0
254.5209,31.89061,1,0
212.9827,57.67661,1,0
215.8289,56.86111,1,0
217.1525,56.6091,1,0
231.6436,51.00872,1,0
236.0598,48.3949,1,0
236.2525,48.25645,1,0
246.3305,40.77734,1,0
250.4042,36.90006,1,0
245.8864,39.12109,1,0
247.0494,37.98398,1,0
234.8899,47.76315,1,0
240.3273,44.60541,1,0
242.481,43.12917,1,0
245.4232,40.59111,1,0
248.3516,37.98428,1,0
251.2742,34.91122,1,0
234.6879,49.38904,1,0
237.8682,47.66102,1,0
245.8112,41.60855,1,0
333.738,-1.242557,1,0
339.7769,-1.184584,1,0
327.4014,-0.8268605,1,0
327.2364,-0.3455831,1,0
337.8049,-0.3816155,1,0
327.3398,0.4347293,1,0
337.794,0.6016302,1,0
342.4663,0.425335,1,0
335.3175,0.997124,1,0
132.1987,32.42108,1,0
143.2123,38.2371,1,0
145.2,39.25237,1,0
152.7215,41.81475,1,0
154.0529,42.39584,1,0
127.3432,29.83855,1,0
128.1614,30.36239,1,0
129.5856,31.3303,1,0
132.4923,33.19562,1,0
133.7931,33.85712,1,0
151.5433,42.433,1,0
126.4698,30.38642,1,0
131.5788,33.77274,1,0
136.9701,36.68389,1,0
127.8702,31.74659,1,0
137.5496,37.47108,1,0
127.632,5.003846,1,0
130.7128,5.789712,1,0
136.5553,6.640556,1,0
138.3041,6.719779,1,0
134.2708,6.626273,1,0
137.4729,7.139972,1,0
139.1658,7.26638,1,0
142.2993,7.770097,1,0
117.7956,22.74597,1,0
155.136,7.801349,1,0
155.9153,7.86135,1,0
157.327,7.956,1,0
154.6906,8.026711,1,0
160.4937,8.508128,1,0
156.1134,8.741317,1,0
151.6223,8.605124,1,0
154.5445,8.968027,1,0
156.8229,9.654327,1,0
166.8107,8.497719,1,0
168.1791,8.699847,1,0
186.7655,9.095091,1,0
188.2233,9.110453,1,0
167.2906,8.931848,1,0
175.1591,9.382564,1,0
182.831,9.404526,1,0
167.9315,9.506196,1,0
171.4338,9.680879,1,0
181.8081,9.886319,1,0
182.3542,10.38147,1,0
183.9922,10.27158,1,0
190.1729,10.73107,1,0
171.117,10.77316,1,0
178.7716,11.13422,1,0
181.2955,11.09675,1,0
162.7807,10.54316,1,0
155.158,10.10098,1,0
163.249,10.83115,1,0
141.7534,8.783795,1,0
157.012,10.77512,1,0
158.7153,10.94795,1,0
144.2597,9.539989,1,0
153.1452,10.66624,1,0
156.2841,11.18331,1,0
158.0705,12.05608,1,0
126.2626,26.59619,1,0
127.0798,26.99437,1,0
133.5046,31.05127,1,0
143.3336,35.89568,1,0
143.0506,36.38363,1,0
119.8076,22.81781,1,0
127.6792,28.57963,1,0
129.5593,29.74743,1,0
135.1875,32.98585,1,0
128.8468,29.88307,1,0
141.9487,37.20072,1,0
125.1657,26.13099,1,0
121.1848,24.11607,1,0
137.483,32.9738,1,0
130.3134,29.26481,1,0
147.5412,38.72875,1,0
133.0444,32.5459,1,0
142.9574,8.418278,1,0
144.6361,9.520956,1,0
145.0463,9.951183,1,0
149.15,10.90606,1,0
151.6172,11.12431,1,0
168.2919,13.19593,1,0
135.5563,9.056998,1,0
144.5804,10.77822,1,0
150.1861,11.75633,1,0
164.6393,13.2787,1,0
169.8511,13.87029,1,0
134.5759,9.38149,1,0
180.9934,14.74163,1,0
124.5334,7.623698,1,0
132.4351,9.381948,1,0
140.6832,10.99058,1,0
124.9512,8.153255,1,0
126.2016,8.504293,1,0
141.1615,11.44124,1,0
151.2508,13.15323,1,0
179.3975,15.42266,1,0
149.0796,13.21884,1,0
182.6887,15.88801,1,0
193.4677,48.59501,1,0
200.6214,47.84607,1,0
208.0017,46.45182,1,0
194.6146,48.90242,1,0
192.2734,49.55355,1,0
197.8032,49.41528,1,0
197.6184,49.91641,1,0
198.2448,49.74469,1,0
206.745,48.55958,1,0
215.1355,44.63301,1,0
220.009,43.55134,1,0
233.8658,37.67568,1,0
223.5253,43.484,1,0
215.4031,46.88469,1,0
218.8297,45.79327,1,0
229.1783,41.71113,1,0
156.5769,37.70362,1,0
148.7335,35.56687,1,0
161.5255,39.24738,1,0
159.6666,39.3423,1,0
159.7494,39.35815,1,0
155.2535,38.56993,1,0
160.3893,39.92966,1,0
145.5658,35.77754,1,0
149.4134,37.33032,1,0
140.6316,34.35569,1,0
141.5062,34.65345,1,0
142.1345,34.99383,1,0
146.4102,36.61626,1,0
147.4138,37.04447,1,0
158.0213,40.31744,1,0
159.7196,40.64151,1,0
220.9858,50.71468,1,0
225.459,48.84489,1,0
232.432,45.44288,1,0
234.9048,44.05252,1,0
244.0726,37.62746,1,0
204.9196,55.24409,1,0
205.6516,55.29923,1,0
234.8584,44.67313,1,0
238.9312,41.90876,1,0
239.1537,41.90375,1,0
251.2966,31.30363,1,0
196.4041,56.93871,1,0
200.1038,56.43722,1,0
204.158,55.88704,1,0
206.369,55.59729,1,0
206.6466,55.4887,1,0
218.3292,52.62857,1,0
228.3218,48.68368,1,0
232.5864,46.3813,1,0
199.2874,56.93397,1,0
243.6005,39.81066,1,0
253.1327,30.82464,1,0
209.5473,55.75701,1,0
215.5041,54.3563,1,0
227.1465,50.22434,1,0
236.8785,45.14384,1,0
197.3786,58.02709,1,0
212.1701,55.62084,1,0
180.5046,56.24875,1,0
181.3469,56.32476,1,0
188.252,56.38565,1,0
191.5931,56.51247,1,0
196.5831,56.2824,1,0
203.6545,55.42113,1,0
205.4288,54.94798,1,0
218.6155,51.81728,1,0
223.2086,50.0245,1,0
174.5651,56.66655,1,0
183.4389,57.20378,1,0
174.3292,57.1313,1,0
185.0772,57.62901,1,0
187.4231,57.63971,1,0
187.4887,57.62418,1,0
198.2158,56.95264,1,0
176.9984,57.73858,1,0
180.7323,57.86632,1,0
185.3043,57.95578,1,0
206.9191,55.96535,1,0
223.6732,51.4868,1,0
171.159,57.65126,1,0
195.3415,57.96894,1,0
202.0055,57.31133,1,0
205.4565,56.71256,1,0
236.2875,33.68052,1,0
236.4923,33.45881,1,0
246.4323,26.85807,1,0
225.229,39.79455,1,0
242.2405,30.90765,1,0
252.3651,23.29314,1,0
210.3127,10.51677,1,0
218.062,9.82413,1,0
236.197,7.139394,1,0
217.0574,10.26673,1,0
228.1326,8.857244,1,0
229.161,9.220864,1,0
242.0589,7.080927,1,0
222.0724,10.65053,1,0
226.4326,9.972731,1,0
228.5484,9.704062,1,0
210.2272,12.29982,1,0
210.5882,12.27175,1,0
211.0891,12.15739,1,0
211.1147,12.1932,1,0
226.1876,10.3223,1,0
230.6776,9.687861,1,0
209.9552,5.813219,1,0
205.6863,6.600834,1,0
215.2083,6.036392,1,0
215.3147,5.980475,1,0
215.6071,5.885987,1,0
204.6982,7.037626,1,0
212.0774,6.570801,1,0
213.0775,6.419916,1,0
216.5749,6.228241,1,0
203.2805,7.401762,1,0
209.1305,7.132646,1,0
207.5078,7.753741,1,0
208.4562,7.71836,1,0
218.1488,7.047019,1,0
209.2645,7.945716,1,0
214.6918,7.58607,1,0
200.6333,8.521054,1,0
198.3801,9.094528,1,0
210.995,8.265609,1,0
212.3016,8.135394,1,0
214.6012,7.884617,1,0
215.9937,7.77088,1,0
234.2499,5.748772,1,0
236.7436,5.459841,1,0
210.906,8.78582,1,0
227.5421,7.097585,1,0
219.7019,8.419671,1,0
227.7163,7.530311,1,0
205.1027,9.916625,1,0
220.8544,8.679996,1,0
227.8744,4.594791,1,0
229.2353,4.492773,1,0
224.318,5.3209,1,0
231.6492,4.619723,1,0
231.733,4.633731,1,0
234.173,4.475292,1,0
235.8283,4.266084,1,0
237.884,4.045858,1,0
238.0232,4.515901,1,0
221.4664,6.272987,1,0
225.9763,5.977037,1,0
229.4843,6.179882,1,0
236.8333,5.317297,1,0
211.1344,38.63305,1,0
239.6021,27.19044,1,0
243.8911,24.50041,1,0
211.1927,39.16432,1,0
221.7451,35.86984,1,0
239.9892,27.46282,1,0
240.1001,27.34015,1,0
241.8603,26.26357,1,0
248.7928,21.54056,1,0
209.212,39.93776,1,0
212.5353,39.18734,1,0
224.7639,35.21705,1,0
234.5858,30.76757,1,0
239.6338,28.18431,1,0
253.7086,18.49727,1,0
208.9784,40.37885,1,0
238.9249,28.94731,1,0
242.2852,26.92427,1,0
244.4939,25.6224,1,0
229.2632,32.31543,1,0
233.6513,30.5012,1,0
237.8483,28.3121,1,0
239.423,27.40907,1,0
243.7364,24.74136,1,0
237.1145,29.17835,1,0
237.9441,28.85562,1,0
238.8452,28.30307,1,0
239.9646,27.51074,1,0
231.9829,32.42149,1,0
233.8882,31.52137,1,0
235.7793,30.48836,1,0
247.4324,23.43813,1,0
231.4375,33.16066,1,0
240.2879,28.41655,1,0
241.2593,27.91351,1,0
235.9498,35.96484,1,0
240.6286,33.11704,1,0
244.4417,30.32872,1,0
251.2039,25.34376,1,0
251.5904,24.91274,1,0
236.9349,36.36295,1,0
240.6646,33.93051,1,0
244.0304,31.77243,1,0
250.88,26.61303,1,0
240.9583,32.56274,1,0
235.8717,36.27905,1,0
245.108,29.92621,1,0
248.9291,26.81924,1,0
252.1714,24.16634,1,0
239.0572,34.77497,1,0
248.4326,27.9011,1,0
244.8893,31.23396,1,0
248.9269,28.20307,1,0
251.5949,25.6837,1,0
244.7421,31.98565,1,0
247.7291,29.65449,1,0
250.2823,27.51255,1,0
192.3718,13.75803,1,0
193.3732,14.01009,1,0
198.106,14.78663,1,0
197.1243,15.54649,1,0
201.9221,13.28796,1,0
200.9682,13.73428,1,0
201.1168,13.69626,1,0
202.2366,13.68705,1,0
221.6527,11.28339,1,0
203.7411,13.83145,1,0
205.3537,13.856,1,0
205.9774,13.77593,1,0
219.5739,12.03434,1,0
220.8779,11.94465,1,0
223.1813,11.67222,1,0
224.467,11.36401,1,0
209.4431,13.84651,1,0
200.3215,14.96856,1,0
202.6751,14.74656,1,0
205.5991,15.04301,1,0
220.1013,13.31435,1,0
226.7322,10.54197,1,0
229.9314,9.89841,1,0
235.9242,9.223246,1,0
237.0585,9.364442,1,0
238.0454,9.303267,1,0
228.2807,11.52277,1,0
228.4773,11.47394,1,0
230.3124,11.11238,1,0
227.86,12.01548,1,0
235.3149,32.09795,1,0
241.4213,28.62196,1,0
243.1622,27.54554,1,0
244.3684,26.68268,1,0
244.6589,26.53006,1,0
241.7164,28.78398,1,0
244.7787,26.7573,1,0
243.4651,28.24556,1,0
235.757,33.35241,1,0
213.7681,12.74862,1,0
220.861,11.78244,1,0
231.6737,9.818957,1,0
219.8876,12.30642,1,0
222.5171,11.85808,1,0
226.8662,11.25653,1,0
231.0264,10.33052,1,0
211.5407,13.71767,1,0
214.1405,13.46614,1,0
220.3622,12.67405,1,0
242.9698,8.51769,1,0
220.3869,12.9864,1,0
223.3634,12.51163,1,0
223.5577,12.50204,1,0
224.4321,12.53109,1,0
224.7396,12.46749,1,0
242.6,27.49427,1,0
242.8551,27.29358,1,0
245.9697,25.18337,1,0
250.7957,21.58169,1,0
252.7689,19.9176,1,0
243.4144,27.59286,1,0
254.9047,18.77951,1,0
247.3367,25.34867,1,0
250.8548,22.58113,1,0
254.4138,19.74858,1,0
254.6415,19.48149,1,0
244.9643,27.50257,1,0
247.5946,25.6744,1,0
221.7384,32.95079,1,0
223.7296,32.74264,1,0
212.8849,36.8103,1,0
229.9679,31.13544,1,0
230.6005,30.66933,1,0
210.9328,37.74773,1,0
212.3944,37.51927,1,0
228.8593,31.8897,1,0
232.1775,30.6336,1,0
249.735,22.62014,1,0
250.3288,22.27876,1,0
252.4445,20.52819,1,0
216.4214,32.37296,1,0
216.4559,32.35502,1,0
212.4598,33.82371,1,0
221.6869,31.69118,1,0
213.8355,34.52194,1,0
215.8413,33.91577,1,0
218.2672,33.31289,1,0
218.263,33.29059,1,0
221.8708,32.0611,1,0
215.1984,34.58417,1,0
221.8968,30.65326,1,0
223.8824,30.5934,1,0
237.8809,24.39648,1,0
240.8072,23.0083,1,0
233.5841,26.99513,1,0
229.2225,29.49726,1,0
237.3306,25.60571,1,0
222.7936,32.34216,1,0
230.8918,29.04419,1,0
113.077,38.97366,1,0
111.9827,38.21653,1,0
112.8207,39.52293,1,0
116.1692,44.1444,1,0
121.6557,50.33132,1,0
115.7793,45.41637,1,0
119.9768,47.4131,1,0
123.5994,51.25295,1,0
130.4577,56.30965,1,0
142.1545,62.26104,1,0
113.9144,40.47134,1,0
120.3705,48.75107,1,0
124.077,52.42192,1,0
127.2123,54.74659,1,0
145.3124,63.96113,1,0
126.9662,56.07089,1,0
141.1444,63.50627,1,0
123.8262,54.39971,1,0
125.3442,55.52378,1,0
127.2443,56.78368,1,0
116.8929,47.89114,1,0
123.8686,55.13642,1,0
128.6004,58.91909,1,0
135.4585,62.70925,1,0
138.0835,63.99461,1,0
140.6936,65.00008,1,0
117.9961,49.89394,1,0
126.99,58.39833,1,0
140.1917,65.26054,1,0
112.3081,43.04221,1,0
112.6759,43.49413,1,0
114.5794,46.64119,1,0
130.2101,61.12492,1,0
143.3295,67.03099,1,0
145.9158,67.85001,1,0
119.1132,53.00403,1,0
139.2184,66.11726,1,0
117.3782,52.00367,1,0
133.8023,64.396,1,0
118.5421,50.1243,1,0
124.1697,55.93655,1,0
125.0038,56.49734,1,0
132.9738,61.9091,1,0
140.6053,65.13604,1,0
145.3182,66.68544,1,0
120.6922,53.51418,1,0
125.1597,57.1815,1,0
124.0672,57.1672,1,0
112.7663,45.26544,1,0
119.7006,53.98466,1,0
123.5272,57.58675,1,0
112.1299,45.17417,1,0
120.6993,55.98684,1,0
138.1019,66.53148,1,0
121.6215,20.12162,1,0
119.8913,19.58125,1,0
156.058,12.22492,1,0
159.6219,12.76165,1,0
163.416,13.09933,1,0
164.735,13.16714,1,0
146.861,11.28256,1,0
145.208,11.55415,1,0
166.9955,14.13838,1,0
153.6523,13.65268,1,0
158.2885,14.19776,1,0
155.1899,14.14941,1,0
172.3348,15.8243,1,0
174.4917,15.97507,1,0
174.6674,15.96657,1,0
125.3783,7.555118,1,0
125.7177,7.792633,1,0
126.8569,7.963527,1,0
177.1718,13.93,1,0
181.105,14.06903,1,0
182.564,14.10451,1,0
182.6162,14.5259,1,0
183.7139,14.43477,1,0
200.6903,14.04412,1,0
203.7007,13.7443,1,0
182.2383,14.82993,1,0
183.0132,14.90455,1,0
183.3483,14.79087,1,0
183.6682,14.91217,1,0
193.8059,14.67209,1,0
201.8209,14.26097,1,0
203.9203,14.19891,1,0
191.7735,15.29848,1,0
202.1953,14.71208,1,0
208.718,14.12795,1,0
176.4952,15.51696,1,0
178.6561,16.13545,1,0
181.0972,16.06759,1,0
182.8482,16.208,1,0
184.6305,16.24938,1,0
199.4789,38.47616,1,0
197.7471,39.29145,1,0
197.7859,39.22685,1,0
197.7711,39.23734,1,0
202.4242,38.59758,1,0
194.0549,40.44459,1,0
202.143,39.42968,1,0
191.8529,41.01867,1,0
154.0694,32.24485,1,0
161.2204,33.99308,1,0
177.4738,36.06192,1,0
172.3352,36.15181,1,0
155.2035,33.22521,1,0
169.7771,36.10825,1,0
171.9177,36.46555,1,0
174.5972,36.63072,1,0
150.5346,32.51677,1,0
173.129,37.11155,1,0
175.3998,37.12719,1,0
171.7743,37.30148,1,0
138.717,29.03009,1,0
142.5704,30.68561,1,0
145.0609,31.66654,1,0
165.5372,37.30006,1,0
168.1239,37.88118,1,0
186.853,39.1432,1,0
122.3993,20.5057,1,0
126.8497,23.18005,1,0
144.1627,31.85534,1,0
147.2377,33.04332,1,0
158.8055,36.51613,1,0
180.7075,39.4338,1,0
136.6577,29.06923,1,0
151.6151,34.98402,1,0
158.0582,36.79614,1,0
159.3245,37.01479,1,0
165.6401,38.61083,1,0
127.0643,24.88152,1,0
127.4782,25.03318,1,0
139.2797,31.12615,1,0
142.6288,32.68253,1,0
152.515,36.14185,1,0
166.8495,39.25956,1,0
187.5997,36.22421,1,0
198.0466,35.67344,1,0
204.4988,35.48513,1,0
205.1249,35.41697,1,0
208.1243,35.4165,1,0
210.4255,34.72654,1,0
198.0092,37.27694,1,0
195.1366,38.11832,1,0
201.7314,37.36318,1,0
175.0887,36.03093,1,0
175.4463,36.25897,1,0
180.2159,36.45899,1,0
183.723,36.451,1,0
187.2692,36.63056,1,0
169.8301,35.90771,1,0
171.4212,36.09458,1,0
175.9079,36.64047,1,0
183.1888,37.33899,1,0
168.9841,36.63803,1,0
176.6214,37.53805,1,0
184.3727,37.80735,1,0
195.0096,37.30659,1,0
166.2544,37.2035,1,0
177.6142,38.49311,1,0
191.2342,38.49835,1,0
117.8525,16.30746,1,0
121.6476,18.50159,1,0
140.0784,28.1811,1,0
117.8943,16.62131,1,0
120.99,19.25566,1,0
129.0127,23.91185,1,0
210.4364,33.68146,1,0
225.7126,29.08433,1,0
221.9601,31.02524,1,0
222.7585,30.68178,1,0
230.839,27.64253,1,0
233.9687,26.04559,1,0
238.9685,23.77715,1,0
229.1465,28.63463,1,0
213.006,34.34585,1,0
226.1432,30.46191,1,0
230.018,28.89989,1,0
236.7909,26.18956,1,0
237.066,26.20666,1,0
202.4843,37.30629,1,0
125.2438,20.41062,1,0
120.7418,18.19679,1,0
124.7163,20.82318,1,0
125.4847,21.02388,1,0
123.059,20.31493,1,0
134.7177,25.15173,1,0
151.2928,31.44078,1,0
153.5738,32.2809,1,0
155.4707,32.82122,1,0
146.1336,30.31636,1,0
151.2662,32.019,1,0
140.9522,29.34075,1,0
143.3846,30.22857,1,0
146.603,31.29308,1,0
159.8697,35.61465,1,0
244.3159,20.88789,1,0
242.2469,23.3028,1,0
243.0264,22.96805,1,0
168.2751,32.96789,1,0
169.8759,33.62314,1,0
167.261,33.54276,1,0
168.7813,34.17299,1,0
170.2654,34.45273,1,0
167.176,34.76677,1,0
175.6165,33.69299,1,0
177.2764,33.72026,1,0
201.1272,33.03424,1,0
197.9795,33.87368,1,0
198.6201,33.68591,1,0
181.2008,34.73808,1,0
182.6154,34.82072,1,0
186.0082,34.87411,1,0
188.7474,34.87189,1,0
197.7134,34.31651,1,0
188.8989,35.34147,1,0
203.5845,33.82366,1,0
207.9686,33.04153,1,0
173.5752,35.25188,1,0
198.1457,35.11293,1,0
204.4394,34.25324,1,0
181.9211,36.033,1,0
190.0149,36.11374,1,0
203.5416,34.76517,1,0
143.6873,26.67451,1,0
120.4166,16.19891,1,0
126.1563,19.73114,1,0
130.9179,22.24,1,0
141.4699,26.78941,1,0
157.5546,31.66787,1,0
157.9695,31.84296,1,0
117.3156,15.32406,1,0
132.1736,23.71721,1,0
135.3029,25.12411,1,0
156.8559,32.37984,1,0
156.1265,32.67543,1,0
208.1805,31.84257,1,0
214.5797,30.31247,1,0
215.0139,30.16308,1,0
219.3553,29.08585,1,0
223.4855,28.15814,1,0
227.2119,26.74728,1,0
228.4831,26.44157,1,0
233.6953,24.11063,1,0
213.3445,31.6226,1,0
220.14,29.791,1,0
228.1014,27.03519,1,0
228.5613,26.74233,1,0
228.5799,26.74966,1,0
234.9208,24.06751,1,0
212.0745,32.22443,1,0
212.2808,32.23234,1,0
223.9444,28.81637,1,0
228.5722,27.3076,1,0
241.2081,21.6646,1,0
208.6529,33.35386,1,0
209.8186,33.21893,1,0
219.2473,30.94503,1,0
219.5679,30.64366,1,0
209.8658,33.55951,1,0
243.8967,19.81568,1,0
175.201,33.52093,1,0
175.9872,33.5145,1,0
176.0693,33.43039,1,0
180.1331,33.81163,1,0
182.3272,33.87185,1,0
183.5975,33.82109,1,0
196.2152,33.30564,1,0
205.3699,32.19257,1,0
171.7964,33.52063,1,0
202.6649,32.97486,1,0
229.9845,25.60505,1,0
241.1495,20.57722,1,0
118.1806,14.93592,1,0
142.2577,26.98393,1,0
143.5573,27.25432,1,0
150.5074,29.6734,1,0
202.4876,33.41219,1,0
216.3053,30.62821,1,0
217.9866,30.03288,1,0
222.9177,28.49439,1,0
239.5679,21.84583,1,0
147.6428,29.24706,1,0
157.2468,31.91704,1,0
170.7933,34.29675,1,0
232.5439,25.46858,1,0
238.1847,22.91877,1,0
244.8254,19.50306,1,0
128.6626,21.90532,1,0
134.9601,24.88525,1,0
155.5558,31.94908,1,0
167.4415,34.19962,1,0
171.4612,34.76086,1,0
223.9101,29.05916,1,0
240.4807,22.21692,1,0
241.1277,22.00617,1,0
241.9539,21.58158,1,0
242.5268,21.12643,1,0
150.125,30.84995,1,0
151.4168,31.29413,1,0
159.2326,33.15882,1,0
172.7782,35.36002,1,0
181.2544,35.87449,1,0
193.643,35.6047,1,0
207.2162,33.90605,1,0
209.1244,33.57837,1,0
211.1211,33.14759,1,0
218.3805,31.24006,1,0
227.277,28.44705,1,0
233.1621,26.02347,1,0
223.2183,25.62889,1,0
214.9955,28.40374,1,0
221.6496,26.48178,1,0
223.3048,25.90654,1,0
227.9805,24.47106,1,0
212.0953,29.55551,1,0
218.198,28.39259,1,0
219.0877,28.06027,1,0
220.6418,27.62843,1,0
225.2183,26.18142,1,0
226.5321,25.76611,1,0
215.7181,29.3681,1,0
219.6741,28.49789,1,0
185.6027,31.59351,1,0
187.151,31.48196,1,0
205.6897,29.79317,1,0
181.9569,31.96103,1,0
189.6279,31.88425,1,0
195.1866,31.45965,1,0
206.0487,30.14845,1,0
177.6455,32.24797,1,0
185.4453,32.49781,1,0
195.1379,32.02371,1,0
198.7548,31.69139,1,0
201.5864,31.38924,1,0
177.6711,32.56932,1,0
204.1128,31.42493,1,0
198.8825,32.47741,1,0
200.7909,32.18888,1,0
202.1572,32.03411,1,0
188.3832,33.63495,1,0
199.0743,32.87211,1,0
168.5382,30.3418,1,0
168.7812,30.36545,1,0
171.6124,30.72663,1,0
176.8747,31.04338,1,0
196.8114,30.75007,1,0
201.9997,30.27522,1,0
166.6983,30.37229,1,0
167.8987,30.66972,1,0
168.1457,30.64586,1,0
180.0021,31.60446,1,0
187.272,31.66707,1,0
209.6839,29.30816,1,0
219.8309,26.86172,1,0
159.6982,29.11414,1,0
166.2684,30.86296,1,0
192.8277,31.93548,1,0
199.3556,31.37438,1,0
217.9238,27.75447,1,0
218.5975,27.65793,1,0
166.482,31.22309,1,0
167.8365,31.42595,1,0
170.3687,31.71159,1,0
175.0943,32.11423,1,0
179.6679,32.44194,1,0
186.6541,32.61829,1,0
195.2824,32.1287,1,0
195.7571,32.21071,1,0
199.7163,31.74644,1,0
209.985,30.10868,1,0
167.878,31.85856,1,0
178.574,32.86099,1,0
181.511,33.02127,1,0
188.6605,33.02265,1,0
189.0355,33.02769,1,0
208.599,30.80377,1,0
211.7138,30.22334,1,0
213.8962,29.68682,1,0
162.6288,31.50487,1,0
162.6623,31.49922,1,0
174.7907,33.04493,1,0
180.1656,33.29902,1,0
187.7065,33.3123,1,0
197.6078,32.77534,1,0
159.1569,30.74402,1,0
221.2829,26.31475,1,0
220.6784,26.98821,1,0
226.7044,25.48716,1,0
226.8853,25.48496,1,0
227.6661,25.593,1,0
228.6541,25.21132,1,0
146.6248,25.54099,1,0
142.3365,24.52426,1,0
150.76,27.27395,1,0
160.973,29.63743,1,0
171.7001,31.26294,1,0
171.7039,31.7571,1,0
169.0823,32.30665,1,0
163.3432,31.82228,1,0
169.2025,32.57985,1,0
176.4688,33.37374,1,0
237.8121,20.20455,1,0
247.9094,15.72394,1,0
234.3979,22.74542,1,0
234.4891,22.70234,1,0
239.5224,20.97998,1,0
195.8325,28.61727,1,0
200.1692,28.14714,1,0
205.6236,27.46895,1,0
212.6028,26.10408,1,0
197.4995,28.81512,1,0
203.8016,28.13266,1,0
218.2956,25.1371,1,0
218.7985,25.0243,1,0
225.5061,23.23992,1,0
201.4165,28.89434,1,0
207.7662,27.8767,1,0
207.9478,27.93791,1,0
229.9604,22.1997,1,0
237.1078,19.48836,1,0
241.3141,17.53971,1,0
200.6838,29.40974,1,0
215.1916,26.93719,1,0
239.3524,18.97093,1,0
241.2435,18.18682,1,0
204.9401,29.23388,1,0
234.7041,21.31903,1,0
236.0432,20.6388,1,0
203.3956,29.82251,1,0
206.0013,29.47103,1,0
210.3813,28.70975,1,0
194.3544,28.4959,1,0
196.9731,28.38313,1,0
206.1878,27.13737,1,0
210.6279,26.41366,1,0
210.9818,26.57743,1,0
237.962,18.45569,1,0
238.7402,18.09765,1,0
239.4249,17.79874,1,0
188.179,29.71238,1,0
212.6398,26.82443,1,0
212.7738,26.8265,1,0
217.5218,25.54747,1,0
233.4544,20.67638,1,0
239.61,18.03965,1,0
241.846,17.11467,1,0
244.4618,15.90233,1,0
245.2911,15.59623,1,0
188.9389,30.02416,1,0
207.1335,28.2195,1,0
215.3272,26.6654,1,0
222.9624,24.61257,1,0
224.9699,23.94623,1,0
229.4086,22.47523,1,0
233.072,21.24617,1,0
241.7009,17.64766,1,0
189.6032,30.43116,1,0
192.3834,30.38517,1,0
196.1025,30.13912,1,0
199.7673,29.64301,1,0
200.7282,29.65899,1,0
204.3276,29.1555,1,0
210.5283,28.08116,1,0
216.3597,26.756,1,0
222.2497,25.26502,1,0
231.1233,22.29335,1,0
241.1224,18.45933,1,0
241.1432,18.31484,1,0
244.5763,16.81491,1,0
244.5673,16.81996,1,0
247.4867,15.43135,1,0
191.624,30.84864,1,0
196.1344,30.56981,1,0
199.0439,30.15898,1,0
210.7404,28.44837,1,0
212.8394,27.97641,1,0
214.4585,27.62226,1,0
216.7078,27.10792,1,0
222.3976,25.65427,1,0
226.501,24.41814,1,0
207.4327,24.786,1,0
207.8881,24.66986,1,0
206.5395,25.21525,1,0
207.5095,25.04958,1,0
207.7642,25.03275,1,0
211.6287,24.35927,1,0
216.0873,23.57243,1,0
217.2956,23.14807,1,0
217.4963,23.22681,1,0
230.8476,19.40183,1,0
240.8577,15.64673,1,0
206.3833,25.77885,1,0
207.0932,25.68048,1,0
209.0822,25.34345,1,0
210.8357,24.9075,1,0
213.9817,24.30165,1,0
219.7522,23.0549,1,0
220.9458,22.70392,1,0
223.512,22.0917,1,0
224.6756,21.64986,1,0
240.2982,16.41968,1,0
240.6712,16.35106,1,0
219.8536,23.3523,1,0
230.1828,20.43675,1,0
241.7484,16.3782,1,0
247.3135,14.01732,1,0
240.9768,17.05229,1,0
241.7993,18.6101,1,0
241.8106,19.67746,1,0
245.0697,18.07171,1,0
245.7175,17.70074,1,0
205.3089,24.89566,1,0
211.2622,24.23046,1,0
218.0757,22.87076,1,0
220.1489,22.38746,1,0
239.4986,16.04805,1,0
204.6191,25.70249,1,0
206.1786,25.52357,1,0
215.3805,23.94831,1,0
244.1693,14.64928,1,0
247.1848,13.36611,1,0
248.036,12.82464,1,0
204.2617,25.80898,1,0
208.1392,25.72483,1,0
209.0138,25.52017,1,0
209.3997,25.43306,1,0
225.3541,21.66562,1,0
235.0599,18.68412,1,0
240.2553,16.54002,1,0
240.3571,16.5348,1,0
241.5424,16.18383,1,0
245.0823,14.60574,1,0
249.539,12.68658,1,0
218.4008,24.10774,1,0
220.8822,23.3856,1,0
224.3199,22.47418,1,0
243.4507,15.85253,1,0
213.8561,25.55831,1,0
215.5418,25.09689,1,0
215.9338,25.01501,1,0
223.4631,23.07365,1,0
221.5653,19.59992,1,0
214.8149,21.49821,1,0
222.82,19.67199,1,0
208.9357,22.93756,1,0
224.745,19.5289,1,0
232.6848,17.32163,1,0
241.3957,14.33472,1,0
244.8857,13.07192,1,0
208.9753,23.81121,1,0
225.9344,20.1734,1,0
234.9199,17.45863,1,0
151.1251,27.45069,1,0
142.5719,25.31317,1,0
144.7564,26.50178,1,0
148.4623,27.7663,1,0
154.2117,29.23106,1,0
126.6718,17.83867,1,0
137.5486,22.76416,1,0
118.174,13.87216,1,0
118.1101,14.38876,1,0
118.6138,14.74056,1,0
134.3449,22.27577,1,0
132.754,22.21063,1,0
135.44,23.27641,1,0
173.835,28.39089,1,0
178.9329,28.61753,1,0
180.3223,28.80445,1,0
132.9977,18.86665,1,0
151.7923,25.02604,1,0
167.7806,28.225,1,0
169.5695,28.26044,1,0
119.5078,13.16659,1,0
169.7278,28.72545,1,0
180.4912,29.99599,1,0
183.0936,30.11333,1,0
157.2439,27.64931,1,0
160.5696,28.17117,1,0
166.6819,29.32417,1,0
137.5299,22.24965,1,0
145.9102,25.05274,1,0
156.5573,27.88532,1,0
164.0501,29.33252,1,0
142.6674,22.15125,1,0
160.9285,26.74949,1,0
161.6432,27.03113,1,0
164.1585,27.33578,1,0
164.9823,27.48731,1,0
170.2005,28.2975,1,0
170.5051,28.16161,1,0
185.3192,29.03902,1,0
129.6518,17.63589,1,0
130.153,17.71235,1,0
130.2578,17.76391,1,0
135.1988,19.87302,1,0
167.3619,28.25628,1,0
192.1599,29.19034,1,0
119.2704,13.22776,1,0
132.2462,19.07266,1,0
140.9269,22.34012,1,0
158.1359,27.14393,1,0
166.6814,28.62944,1,0
167.5709,28.79037,1,0
186.2713,29.80882,1,0
190.3281,29.86109,1,0
146.9725,24.8284,1,0
191.5491,30.0956,1,0
164.6683,29.26226,1,0
171.6049,30.05618,1,0
179.338,30.70851,1,0
191.6131,30.51577,1,0
173.9711,30.68436,1,0
157.5238,30.50795,1,0
159.9914,24.09125,1,0
165.7852,24.9965,1,0
168.608,25.39793,1,0
169.3847,25.54708,1,0
177.3282,26.1216,1,0
196.0281,25.9725,1,0
164.9296,25.33316,1,0
175.7176,26.5407,1,0
185.6809,26.74136,1,0
193.4771,26.40989,1,0
197.0517,26.30699,1,0
202.4681,25.57702,1,0
167.8762,26.17081,1,0
177.2346,26.96734,1,0
183.8466,27.1027,1,0
188.2875,27.09437,1,0
189.3619,27.20243,1,0
196.1176,26.67198,1,0
198.3508,26.59636,1,0
199.44,26.48633,1,0
188.8321,27.5996,1,0
200.6611,26.73162,1,0
170.2217,27.30464,1,0
170.9886,27.28604,1,0
175.1776,27.74025,1,0
194.3317,27.61379,1,0
194.4294,27.60787,1,0
157.4898,25.66132,1,0
159.747,26.2163,1,0
160.1368,26.20069,1,0
168.5975,27.51136,1,0
176.559,28.28826,1,0
178.2574,28.22276,1,0
179.7421,28.41143,1,0
184.3732,28.40145,1,0
195.3294,28.12814,1,0
139.3609,19.10007,1,0
139.3866,19.0522,1,0
154.7245,23.24459,1,0
159.9529,24.22113,1,0
169.7066,25.68932,1,0
172.1962,26.03851,1,0
168.7624,26.08951,1,0
181.9516,27.04024,1,0
157.9169,24.84627,1,0
169.1831,26.59319,1,0
170.9922,26.69709,1,0
155.4287,24.6681,1,0
168.8974,26.86969,1,0
128.9791,16.91365,1,0
153.2053,24.57673,1,0
158.6783,25.80325,1,0
159.5207,25.86988,1,0
167.8197,27.26226,1,0
170.0503,27.52138,1,0
167.9421,27.53744,1,0
190.6604,26.49778,1,0
191.3115,26.36002,1,0
184.2265,27.43964,1,0
188.3338,27.45055,1,0
189.2113,27.27815,1,0
195.0638,27.02124,1,0
203.5684,26.08368,1,0
203.7671,26.19351,1,0
194.7568,27.53692,1,0
196.4382,27.31541,1,0
200.8783,27.01469,1,0
201.4373,26.80664,1,0
191.1919,28.17486,1,0
195.3068,27.91426,1,0
197.245,27.61395,1,0
191.2924,28.41002,1,0
195.1784,28.30293,1,0
178.2885,24.00797,1,0
178.1589,24.28182,1,0
179.2714,24.41024,1,0
181.4768,24.77652,1,0
207.1299,23.2718,1,0
177.8448,25.23126,1,0
177.6661,25.52637,1,0
178.4187,25.58107,1,0
181.7439,25.77607,1,0
182.036,25.71795,1,0
186.365,25.68102,1,0
194.0648,25.3636,1,0
177.2362,25.98244,1,0
188.5687,26.13258,1,0
190.7778,25.95891,1,0
162.1349,22.432,1,0
163.6087,22.66252,1,0
139.2317,17.62336,1,0
155.1838,21.70325,1,0
121.5569,11.79328,1,0
133.902,16.37076,1,0
148.1427,20.54454,1,0
153.4372,21.75764,1,0
152.4549,21.99243,1,0
164.2859,24.18056,1,0
164.45,24.16849,1,0
144.8502,20.54796,1,0
159.5354,23.73209,1,0
160.0682,23.87104,1,0
147.717,20.34962,1,0
143.1404,19.56448,1,0
143.1802,19.95659,1,0
156.8112,21.46695,1,0
162.3306,22.3869,1,0
172.1504,23.40464,1,0
173.2271,23.63945,1,0
169.0702,23.65353,1,0
173.0559,23.93779,1,0
157.0466,22.7145,1,0
163.5492,24.09943,1,0
172.3713,25.21352,1,0
126.62,12.5226,1,0
151.4601,18.12454,1,0
156.3078,19.03187,1,0
161.9758,20.00133,1,0
165.4707,20.34095,1,0
174.5196,21.13198,1,0
204.603,20.27601,1,0
176.2978,21.7455,1,0
197.8471,21.5282,1,0
208.349,20.20821,1,0
210.0829,20.05341,1,0
219.3353,18.24918,1,0
230.1326,15.65452,1,0
235.6813,14.09241,1,0
141.8001,16.6174,1,0
151.3747,18.87513,1,0
154.6486,19.53422,1,0
163.5707,20.97766,1,0
175.899,22.18619,1,0
180.1575,22.22359,1,0
191.5911,22.30078,1,0
211.4095,20.15244,1,0
220.0419,18.64028,1,0
226.7106,17.03241,1,0
153.1057,19.65096,1,0
153.5308,19.75929,1,0
173.3244,22.3364,1,0
185.0061,22.7522,1,0
192.3252,22.62636,1,0
206.4443,21.45366,1,0
209.3549,20.91043,1,0
223.6635,18.23458,1,0
231.2356,16.22691,1,0
144.5828,18.33129,1,0
158.1872,21.03491,1,0
168.6217,22.48988,1,0
219.8071,19.56813,1,0
223.5193,18.65749,1,0
223.7221,18.75727,1,0
162.8768,22.06494,1,0
185.4174,23.63307,1,0
209.2484,21.84788,1,0
214.9511,20.8491,1,0
162.8018,19.89421,1,0
190.589,21.32491,1,0
191.486,21.29558,1,0
151.9806,18.40532,1,0
158.0018,19.5119,1,0
162.7948,20.17043,1,0
167.7415,20.92506,1,0
168.9764,21.0718,1,0
172.355,21.29709,1,0
172.3835,21.17792,1,0
177.6544,21.63369,1,0
223.9616,17.0193,1,0
130.6355,13.16549,1,0
148.4097,18.10166,1,0
148.6256,18.20835,1,0
151.8675,18.85689,1,0
159.6838,20.24782,1,0
177.8012,21.97439,1,0
202.2855,21.30386,1,0
209.0024,20.38889,1,0
214.4954,19.56968,1,0
222.3945,17.90083,1,0
229.032,16.23728,1,0
236.34,14.24577,1,0
240.5712,12.95606,1,0
137.0517,15.65385,1,0
168.1122,21.77982,1,0
178.4634,22.39918,1,0
179.1787,22.39735,1,0
183.2964,22.56536,1,0
200.5706,21.77112,1,0
201.286,21.80346,1,0
211.4031,20.39528,1,0
220.6385,18.70399,1,0
222.7285,18.21938,1,0
123.9678,11.91438,1,0
187.8233,23.01563,1,0
207.749,21.54077,1,0
221.4715,19.04274,1,0
221.8461,18.8207,1,0
222.7246,18.6923,1,0
243.11,12.95767,1,0
244.6029,12.46985,1,0
151.9465,20.04929,1,0
157.5557,21.18174,1,0
175.7788,23.18373,1,0
211.4097,21.36199,1,0
173.4252,23.41273,1,0
182.5611,23.88797,1,0
194.4767,23.51594,1,0
189.0179,24.23826,1,0
205.3883,22.86988,1,0
171.0539,23.93401,1,0
187.0017,24.7598,1,0
215.6819,21.53339,1,0
179.8013,25.08982,1,0
184.2624,25.17835,1,0
191.9606,24.99317,1,0
178.0444,25.29874,1,0
167.0666,24.87778,1,0
204.1321,24.81475,1,0
205.7782,17.92105,1,0
212.2843,16.99585,1,0
224.5423,15.20371,1,0
233.0415,13.03242,1,0
244.9115,9.76666,1,0
246.5805,9.230604,1,0
226.8861,15.07846,1,0
229.3745,14.55148,1,0
224.5851,15.90774,1,0
207.419,19.40284,1,0
208.3955,19.28955,1,0
223.2829,16.59223,1,0
206.1615,19.89366,1,0
208.6053,19.57923,1,0
212.6845,18.96054,1,0
156.0544,16.68028,1,0
141.1321,14.25011,1,0
156.2444,17.22952,1,0
163.0576,18.19853,1,0
166.0981,18.47017,1,0
141.2114,15.01682,1,0
141.3495,15.08406,1,0
140.0383,15.09495,1,0
158.9249,18.80087,1,0
164.0216,19.44728,1,0
165.6413,17.76809,1,0
166.2357,17.90371,1,0
172.0005,18.8933,1,0
174.378,19.04257,1,0
176.8127,19.17599,1,0
165.6363,18.65545,1,0
173.2663,19.37075,1,0
176.7534,19.45839,1,0
177.3563,19.59221,1,0
175.4304,20.33341,1,0
162.377,19.47754,1,0
179.8356,18.69826,1,0
189.4928,18.86931,1,0
204.4664,17.77671,1,0
211.3056,16.97526,1,0
193.7376,18.99925,1,0
212.7367,17.13895,1,0
227.9265,14.08488,1,0
185.9313,19.74919,1,0
195.9059,19.27139,1,0
213.2185,17.38671,1,0
219.0599,16.41869,1,0
186.0337,20.13399,1,0
210.8842,18.27291,1,0
211.7303,18.05584,1,0
217.4812,17.11256,1,0
183.3945,20.52391,1,0
194.6443,20.21777,1,0
196.6531,20.20151,1,0
219.2675,17.3236,1,0
179.8041,20.82525,1,0
191.7397,20.92042,1,0
235.1661,12.37156,1,0
239.4779,11.55532,1,0
238.4622,12.386,1,0
240.351,11.88057,1,0
241.2553,11.45499,1,0
245.9441,10.5616,1,0
210.5129,15.28056,1,0
206.3732,16.30417,1,0
206.7195,16.27284,1,0
207.7235,17.05308,1,0
208.1467,16.80922,1,0
211.011,16.89105,1,0
224.889,12.64411,1,0
218.5446,15.05151,1,0
233.0523,12.5954,1,0
235.7404,11.9644,1,0
231.5954,17.40525,1,0
242.4755,13.75182,1,0
248.2563,11.87208,1,0
233.6217,17.6398,1,0
240.4311,15.43793,1,0
247.688,12.6143,1,0
207.9427,15.38865,1,0
234.9534,10.65294,1,0
210.8757,15.48913,1,0
211.1794,15.83756,1,0
219.5755,14.56244,1,0
222.3496,14.17296,1,0
245.758,8.906466,1,0
247.0608,8.407043,1,0
212.7237,16.17223,1,0
218.6161,15.1967,1,0
222.9672,14.53588,1,0
225.1928,13.97193,1,0
243.2704,10.04753,1,0
207.6959,17.25277,1,0
228.3374,13.81767,1,0
246.2797,11.19113,1,0
159.827,14.84796,1,0
181.5997,16.37381,1,0
183.7175,16.31121,1,0
173.4293,16.34269,1,0
174.1655,16.41104,1,0
185.9114,16.74399,1,0
188.6597,16.64788,1,0
202.8742,16.03925,1,0
160.6518,15.74924,1,0
161.4557,15.86481,1,0
174.6298,16.89922,1,0
181.0426,17.20707,1,0
182.1592,17.11144,1,0
184.2144,17.21744,1,0
192.7685,17.0796,1,0
156.3506,15.56498,1,0
159.3682,16.02001,1,0
173.2792,17.21285,1,0
193.6057,17.32404,1,0
164.195,16.84838,1,0
164.6695,16.90016,1,0
169.8858,17.40824,1,0
173.4168,17.59084,1,0
180.1476,18.0203,1,0
200.437,17.47836,1,0
157.7753,16.5877,1,0
165.8245,17.48717,1,0
199.523,17.8419,1,0
163.431,15.39905,1,0
170.4099,16.03152,1,0
172.541,16.11579,1,0
174.5119,16.26981,1,0
174.5737,16.74193,1,0
166.0716,16.60554,1,0
168.6822,16.82871,1,0
175.609,17.22962,1,0
172.9338,17.37114,1,0
163.6568,17.10996,1,0
177.1689,18.10207,1,0
178.4966,18.0724,1,0
173.851,18.25581,1,0
185.3503,18.74269,1,0
244.6865,50.45055,1,0
186.6279,16.63383,1,0
194.883,16.40722,1,0
201.4357,15.79695,1,0
200.85,16.375,1,0
201.0558,16.32938,1,0
200.873,16.70637,1,0
204.1083,16.92268,1,0
190.3865,18.22282,1,0
186.4209,18.63278,1,0
190.5273,18.54605,1,0
194.0146,18.41064,1,0
175.4019,59.61566,1,0
175.7068,59.65484,1,0
120.0954,10.97141,1,0
135.8461,15.53067,1,0
137.8481,16.56967,1,0
126.0567,9.976691,1,0
136.4075,13.36661,1,0
148.8845,15.61773,1,0
153.8959,16.65089,1,0
158.2339,17.32235,1,0
120.8166,8.64464,1,0
145.9321,15.4287,1,0
124.3601,10.20281,1,0
156.8239,17.95939,1,0
158.0051,18.1605,1,0
158.5574,18.06287,1,0
143.0469,15.73061,1,0
158.37,18.50695,1,0
158.6278,18.51799,1,0
153.6243,18.24689,1,0
141.2464,12.03922,1,0
131.4516,10.38411,1,0
144.7195,13.18306,1,0
147.0422,13.58413,1,0
120.7757,7.891496,1,0
150.3144,14.56057,1,0
140.2114,13.19114,1,0
149.0878,14.80188,1,0
154.5203,15.80663,1,0
142.6857,12.57335,1,0
151.144,14.129,1,0
154.675,15.0705,1,0
139.5761,12.69645,1,0
142.0401,13.83378,1,0
146.4352,14.53708,1,0
152.2004,15.60346,1,0
152.8838,15.64502,1,0
155.3396,16.11438,1,0
240.7395,18.94706,1,0
241.4055,18.67159,1,0
242.2921,18.58368,1,0
242.6098,19.49287,1,0
163.0564,8.853127,1,0
163.0846,8.770017,1,0
162.9738,10.09929,1,0
259.0545,33.27316,1,0
259.262,32.94954,1,0
258.4631,35.96047,1,0
167.6425,-0.7437847,1,0
172.6781,-0.817531,1,0
181.29,-0.747609,1,0
174.9864,-0.2872539,1,0
165.2134,0.05772049,1,0
178.7024,0.1031523,1,0
174.4483,0.4252235,1,0
171.0636,1.014476,1,0
173.5081,0.8930215,1,0
182.4598,0.8830746,1,0
132.3073,51.08868,1,0
133.9842,52.18216,1,0
147.0558,58.15833,1,0
233.7509,53.3333,1,0
235.9174,52.24548,1,0
118.4364,39.51921,1,0
125.5658,46.6918,1,0
130.5497,50.54016,1,0
147.481,58.99713,1,0
161.7435,62.6157,1,0
197.7489,63.90305,1,0
240.794,49.41764,1,0
244.6451,46.61876,1,0
121.2795,43.40306,1,0
123.8234,45.89312,1,0
128.2032,49.52554,1,0
236.7505,52.76382,1,0
238.1335,52.08696,1,0
247.651,44.39705,1,0
250.7426,41.37409,1,0
135.5905,54.94009,1,0
139.6432,56.78113,1,0
144.1437,58.71252,1,0
147.4277,59.87425,1,0
153.0827,61.6918,1,0
157.8607,62.78016,1,0
232.7703,55.73801,1,0
117.8946,41.14521,1,0
118.1609,41.36479,1,0
118.9747,42.23645,1,0
131.5219,52.89509,1,0
246.0305,47.25124,1,0
136.0034,50.43114,1,0
143.63,54.16112,1,0
162.5413,59.50807,1,0
143.7489,54.69001,1,0
143.9544,54.79005,1,0
136.6111,52.46275,1,0
160.8549,60.69431,1,0
133.7822,51.31898,1,0
135.3089,52.14612,1,0
141.4984,55.68656,1,0
159.3116,58.84824,1,0
172.4651,60.84815,1,0
160.3862,59.31433,1,0
157.5994,59.3701,1,0
185.9016,62.2467,1,0
161.7379,60.55864,1,0
156.4519,59.81778,1,0
162.7067,61.10019,1,0
162.3152,61.62497,1,0
174.449,63.10626,1,0
184.6604,63.50686,1,0
130.3136,46.87282,1,0
134.7878,49.83899,1,0
134.7738,49.85987,1,0
139.9045,52.73728,1,0
131.4093,48.2425,1,0
135.0323,50.57836,1,0
143.8989,54.92704,1,0
146.5544,55.93213,1,0
134.594,51.40541,1,0
135.6045,52.60045,1,0
136.7776,53.14924,1,0
139.6451,54.68637,1,0
140.3003,54.92621,1,0
144.0961,56.57537,1,0
145.1149,56.92896,1,0
167.6619,3.755433,1,0
169.5513,3.803835,1,0
175.1817,4.06092,1,0
149.3752,3.463031,1,0
179.0446,4.542343,1,0
149.8728,3.893111,1,0
153.4106,4.153304,1,0
178.859,4.805391,1,0
183.3446,4.988304,1,0
137.0479,3.590248,1,0
149.2641,4.277829,1,0
162.114,4.825493,1,0
162.4801,5.006526,1,0
163.7851,4.924824,1,0
166.1218,4.99372,1,0
167.9579,5.111773,1,0
173.5675,5.144288,1,0
178.0819,5.381339,1,0
179.8112,5.355278,1,0
181.3244,5.293891,1,0
184.7775,5.333917,1,0
150.5718,4.960883,1,0
153.3517,5.025479,1,0
159.4304,5.208741,1,0
159.724,5.313032,1,0
167.0597,5.454015,1,0
158.0115,5.525133,1,0
159.4646,5.611778,1,0
167.0231,5.915323,1,0
173.5921,6.04044,1,0
183.6869,6.154494,1,0
182.0439,3.878811,1,0
183.1622,3.753275,1,0
195.4739,3.776425,1,0
168.1658,4.074937,1,0
168.6751,3.965721,1,0
168.7768,4.101717,1,0
174.328,4.274089,1,0
176.9603,4.154491,1,0
177.1548,4.183019,1,0
178.7428,4.271505,1,0
189.8675,4.267864,1,0
175.4189,4.558741,1,0
178.7419,4.66056,1,0
178.8367,4.725803,1,0
204.7811,4.443367,1,0
208.8244,4.235729,1,0
170.2599,4.927823,1,0
177.8025,5.062206,1,0
198.5403,4.924791,1,0
177.9289,5.406246,1,0
183.0596,5.500147,1,0
184.6553,5.605415,1,0
195.552,5.497493,1,0
197.7819,5.404262,1,0
199.6976,5.448706,1,0
205.9597,5.267701,1,0
208.2223,5.178823,1,0
210.2706,5.108046,1,0
188.8716,5.880682,1,0
192.6453,5.910398,1,0
195.5846,5.860083,1,0
195.751,5.875558,1,0
202.8757,5.622554,1,0
170.2545,60.77002,1,0
238.5902,47.92384,1,0
242.6638,44.86196,1,0
243.741,44.07603,1,0
232.0741,53.15097,1,0
232.252,52.87917,1,0
244.2596,44.89555,1,0
232.8286,53.05575,1,0
245.6602,44.53253,1,0
183.016,61.49057,1,0
186.2703,61.56692,1,0
202.1077,60.43324,1,0
205.9971,59.80233,1,0
205.14,60.45975,1,0
213.781,58.66087,1,0
181.7614,62.45577,1,0
193.5656,62.17286,1,0
175.4034,62.8359,1,0
186.0349,63.64706,1,0
195.9316,63.30864,1,0
216.0819,59.96805,1,0
173.1732,63.18876,1,0
200.6124,60.48222,1,0
222.3929,55.41883,1,0
239.8237,46.76019,1,0
215.6551,58.39962,1,0
226.1528,54.82798,1,0
227.6212,54.45715,1,0
229.5681,53.48569,1,0
234.2543,50.90692,1,0
240.5325,46.95201,1,0
236.7568,50.214,1,0
239.0026,48.58108,1,0
202.245,61.91427,1,0
218.3999,58.54143,1,0
223.0707,57.04789,1,0
225.9382,56.00544,1,0
232.355,53.16376,1,0
237.5934,50.03817,1,0
191.811,63.27298,1,0
191.8273,63.20816,1,0
217.8663,59.39124,1,0
193.9518,50.95464,1,0
134.5408,38.6404,1,0
149.0844,45.60994,1,0
154.1194,47.36481,1,0
156.2681,48.06239,1,0
177.3281,51.418,1,0
195.7595,51.24602,1,0
115.3704,23.87437,1,0
122.3538,30.55091,1,0
134.5172,39.26321,1,0
138.0623,41.35083,1,0
155.2717,48.16051,1,0
185.3264,52.201,1,0
119.0665,28.14822,1,0
119.1517,28.32886,1,0
122.3545,30.94804,1,0
122.7459,31.50444,1,0
129.222,36.3868,1,0
162.2596,50.35924,1,0
124.2234,33.20727,1,0
134.5191,40.39895,1,0
153.9813,48.68824,1,0
154.8446,49.05039,1,0
177.1819,52.74686,1,0
178.9774,53.35459,1,0
179.4483,53.23445,1,0
347.3324,-1.103967,1,0
359.2719,-1.228572,1,0
0.2156129,-1.198297,1,0
2.743114,-1.206327,1,0
13.88458,-1.211089,1,0
14.79941,-1.103203,1,0
40.4853,-1.199366,1,0
45.9753,-1.187693,1,0
46.77446,-1.134425,1,0
4.068378,-0.6309894,1,0
5.622419,-0.718688,1,0
10.00793,-0.6795906,1,0
18.45615,-0.726782,1,0
27.00796,-0.8192782,1,0
40.52668,-0.6580685,1,0
51.00406,-0.7749088,1,0
53.72675,-0.788909,1,0
345.5738,-0.6904744,1,0
14.36291,-0.2640981,1,0
17.08582,-0.2439262,1,0
20.88385,-0.2133886,1,0
24.67873,-0.3480672,1,0
35.15222,-0.3801219,1,0
48.98333,-0.3394414,1,0
349.8289,0.1209345,1,0
7.602951,0.1556615,1,0
43.51873,0.1583012,1,0
47.50619,0.02572009,1,0
349.3355,0.4324496,1,0
349.6018,0.514399,1,0
359.1437,0.5498502,1,0
0.7155255,0.4293444,1,0
17.67608,0.4403997,1,0
50.90769,0.4530274,1,0
355.2428,1.033961,1,0
12.73676,1.033134,1,0
16.84758,0.8927132,1,0
33.03839,1.038868,1,0
52.75273,1.002442,1,0
58.24878,0.9110683,1,0
148.8273,38.04428,1,0
151.2292,39.73742,1,0
151.0328,40.18465,1,0
147.9062,39.55246,1,0
150.8598,40.703,1,0
117.4327,18.9186,1,0
117.4118,19.52383,1,0
117.9013,19.86551,1,0
120.1857,21.50463,1,0
126.3695,25.53388,1,0
134.5086,30.39643,1,0
124.5081,24.90975,1,0
127.4661,26.7616,1,0
134.7556,29.2944,1,0
122.1643,22.13301,1,0
123.9962,23.19962,1,0
121.9106,22.28621,1,0
128.9775,26.90251,1,0
132.8788,29.34461,1,0
133.1099,29.44476,1,0
121.6296,22.60879,1,0
126.0812,25.67446,1,0
126.2505,25.78659,1,0
132.7804,29.61895,1,0
119.8739,21.90809,1,0
125.7546,25.95585,1,0
131.1522,29.35351,1,0
155.1181,37.45366,1,0
157.0409,37.89095,1,0
161.8152,39.14309,1,0
138.7992,31.88969,1,0
143.9557,34.04606,1,0
160.8945,39.34735,1,0
163.3329,39.793,1,0
152.2833,37.59393,1,0
152.5079,37.6609,1,0
155.1564,38.44485,1,0
155.5226,38.57826,1,0
160.1133,39.67238,1,0
160.6362,40.28835,1,0
160.654,40.26454,1,0
148.5608,37.29886,1,0
150.3585,37.73244,1,0
151.6682,38.16887,1,0
153.4337,38.71408,1,0
157.421,42.87284,1,0
169.6741,45.27922,1,0
193.2609,45.98949,1,0
189.032,46.64331,1,0
158.1571,43.80671,1,0
162.812,44.90905,1,0
167.1377,45.67812,1,0
167.7735,45.90879,1,0
172.6291,46.47714,1,0
157.5401,44.12244,1,0
159.851,44.7404,1,0
163.5575,45.49309,1,0
169.8834,46.5367,1,0
170.0717,46.69075,1,0
175.6185,47.27491,1,0
185.1027,47.60119,1,0
159.6313,45.08352,1,0
182.6873,48.02663,1,0
192.5081,47.73533,1,0
195.6266,47.63338,1,0
174.4604,47.96196,1,0
178.9803,48.35625,1,0
197.7699,45.67704,1,0
202.4894,44.98781,1,0
213.2781,43.11836,1,0
206.8499,44.99155,1,0
220.0783,41.40797,1,0
209.4689,44.91024,1,0
223.3535,40.65742,1,0
219.0933,42.5737,1,0
222.3887,41.50477,1,0
215.2775,44.34929,1,0
223.7011,41.5174,1,0
174.998,11.1856,1,0
179.4195,11.31714,1,0
176.4219,12.1387,1,0
177.2293,12.02093,1,0
179.7561,12.1739,1,0
187.1555,12.16706,1,0
168.1539,12.10493,1,0
185.0991,12.57892,1,0
166.0223,12.38865,1,0
168.0634,12.41929,1,0
168.7657,12.53295,1,0
183.4686,13.07153,1,0
184.3669,12.93234,1,0
168.4878,12.90541,1,0
169.9889,13.1225,1,0
175.7004,13.20852,1,0
177.1409,13.38194,1,0
184.4325,13.40024,1,0
192.4944,11.17749,1,0
198.7673,11.06885,1,0
197.457,11.41097,1,0
199.7452,11.3728,1,0
189.6465,12.19304,1,0
196.8672,12.26352,1,0
195.6548,12.71412,1,0
199.9616,12.95764,1,0
152.3436,38.9991,1,0
171.3428,43.23021,1,0
180.9425,43.98445,1,0
196.8227,43.52615,1,0
198.236,43.29375,1,0
198.299,43.18607,1,0
198.9113,43.20222,1,0
226.459,35.80307,1,0
224.2034,37.09768,1,0
225.4911,36.74405,1,0
235.2452,31.8577,1,0
149.9134,38.79365,1,0
154.3426,40.55867,1,0
156.8602,41.23476,1,0
158.2962,41.60565,1,0
163.8081,42.95139,1,0
167.244,43.43605,1,0
176.8243,44.65433,1,0
184.4032,44.87222,1,0
216.5785,40.34205,1,0
156.2841,41.54317,1,0
183.1628,45.24409,1,0
188.8569,45.17504,1,0
193.7682,45.06154,1,0
220.3576,39.57995,1,0
232.9325,34.28476,1,0
153.4036,41.12376,1,0
183.0228,45.78761,1,0
204.3084,44.09604,1,0
223.8679,38.69276,1,0
235.3663,33.37384,1,0
174.0761,45.66408,1,0
180.5546,45.96601,1,0
184.7643,46.10677,1,0
167.9078,42.53221,1,0
178.2454,43.58638,1,0
179.5933,43.81528,1,0
160.1476,41.3569,1,0
193.9684,43.99936,1,0
214.3578,40.36558,1,0
229.779,34.49274,1,0
233.1687,32.87519,1,0
228.7116,35.59526,1,0
154.5224,40.85738,1,0
156.7151,41.55604,1,0
175.5286,44.69672,1,0
194.1309,44.66952,1,0
213.6773,41.40806,1,0
214.6597,41.07443,1,0
222.7423,38.54009,1,0
233.3981,33.71418,1,0
158.8974,42.5341,1,0
184.3553,45.56462,1,0
186.3947,45.43165,1,0
197.6301,44.81105,1,0
223.0084,38.84877,1,0
180.5644,45.87905,1,0
234.6336,33.93681,1,0
137.3234,11.07017,1,0
163.8334,10.76367,1,0
167.6786,10.96112,1,0
168.5728,11.01202,1,0
178.524,11.5677,1,0
183.033,11.45189,1,0
185.5279,11.53224,1,0
186.6108,11.55927,1,0
188.9705,11.61068,1,0
188.9901,11.57782,1,0
193.8378,11.46253,1,0
217.5397,9.610043,1,0
156.9848,10.589,1,0
170.4156,11.49016,1,0
171.8304,11.64018,1,0
176.9695,11.78875,1,0
180.1089,11.99591,1,0
182.838,12.0692,1,0
190.237,11.83254,1,0
202.4607,11.35003,1,0
219.2182,9.953729,1,0
230.6754,8.368857,1,0
155.6295,10.7477,1,0
157.5984,11.09539,1,0
159.2245,11.18316,1,0
172.6189,12.19685,1,0
180.2062,12.33245,1,0
184.2887,12.45403,1,0
214.4241,10.76441,1,0
238.659,7.365041,1,0
159.7108,11.65505,1,0
162.8332,11.82497,1,0
173.4528,12.62553,1,0
184.6428,12.85585,1,0
192.4768,12.6579,1,0
194.1252,12.58275,1,0
202.4612,12.34602,1,0
202.484,12.3211,1,0
218.5279,10.87233,1,0
220.007,10.6818,1,0
222.5845,10.28686,1,0
226.6488,9.667315,1,0
155.4376,11.61504,1,0
163.5623,12.48396,1,0
165.5823,12.51865,1,0
171.5689,12.80384,1,0
175.6467,13.08915,1,0
181.131,13.30044,1,0
197.0834,13.06215,1,0
211.3272,11.89049,1,0
221.6132,10.85788,1,0
159.8007,12.44846,1,0
169.727,13.1243,1,0
177.4552,13.55469,1,0
182.354,13.57444,1,0
184.5447,13.5879,1,0
200.2607,13.23305,1,0
203.376,13.01335,1,0
210.1942,12.40828,1,0
199.3491,50.95345,1,0
216.6698,47.05658,1,0
218.0722,46.7522,1,0
219.3184,46.19221,1,0
210.167,49.79102,1,0
214.6279,48.67792,1,0
219.8891,46.94852,1,0
206.7965,51.03951,1,0
179.3952,41.18669,1,0
184.4643,41.44258,1,0
164.5576,39.84148,1,0
167.9997,40.42775,1,0
190.2017,41.56722,1,0
195.5959,41.28588,1,0
195.6605,41.71877,1,0
199.0435,41.23499,1,0
200.4556,41.13058,1,0
203.188,40.7426,1,0
173.3234,41.99081,1,0
182.7733,42.56308,1,0
190.3435,42.56463,1,0
179.6122,42.81425,1,0
192.4731,42.82536,1,0
201.5134,41.92126,1,0
185.4803,43.36407,1,0
194.1267,43.16355,1,0
195.9547,42.88403,1,0
197.2945,42.76814,1,0
200.1493,42.55342,1,0
201.7528,42.21835,1,0
174.782,6.688849,1,0
184.4678,6.682589,1,0
184.6609,6.708382,1,0
174.8947,6.9981,1,0
176.6009,7.099204,1,0
197.3535,7.088126,1,0
207.504,6.56946,1,0
210.0559,6.567216,1,0
176.2116,7.42181,1,0
188.2449,7.490794,1,0
196.6887,7.389003,1,0
206.6103,7.007082,1,0
178.0102,7.993216,1,0
188.9794,7.955075,1,0
210.9421,7.348946,1,0
211.3517,7.610598,1,0
197.4625,6.436901,1,0
183.2947,6.89591,1,0
195.5494,6.792397,1,0
195.125,7.287742,1,0
193.3339,7.779171,1,0
196.0347,7.710225,1,0
185.5958,8.137755,1,0
189.8199,8.305292,1,0
184.3287,8.725754,1,0
189.1524,8.587018,1,0
201.1093,8.294912,1,0
172.1308,40.87227,1,0
179.8224,41.42521,1,0
201.0991,40.46133,1,0
202.9103,40.19286,1,0
209.6606,38.83981,1,0
210.8198,38.53049,1,0
185.0743,42.00076,1,0
175.5077,41.95156,1,0
199.1146,41.5399,1,0
206.0865,40.4533,1,0
175.3634,42.50646,1,0
205.2166,40.92944,1,0
174.4283,42.84872,1,0
177.7975,43.10607,1,0
194.8854,42.75895,1,0
173.897,43.02261,1,0
178.5633,43.56699,1,0
182.4926,43.59177,1,0
197.1721,42.99836,1,0
164.1209,36.91111,1,0
202.9402,37.47434,1,0
203.1387,37.49733,1,0
228.0847,30.57725,1,0
155.2944,35.65795,1,0
163.3816,37.68983,1,0
164.6656,37.93832,1,0
165.506,37.98707,1,0
166.186,38.18303,1,0
167.7056,38.32237,1,0
192.628,39.41194,1,0
194.4385,39.26122,1,0
194.4776,39.33582,1,0
197.7035,39.04761,1,0
222.3638,33.40388,1,0
234.0804,28.31684,1,0
234.2281,28.24256,1,0
236.0539,27.39772,1,0
242.6713,23.73537,1,0
143.642,32.35542,1,0
156.8286,36.61272,1,0
158.8507,37.18788,1,0
189.6671,40.11522,1,0
190.4992,39.95265,1,0
197.7331,39.48452,1,0
211.0722,37.13418,1,0
245.995,22.39337,1,0
129.4406,26.0888,1,0
130.1802,26.50361,1,0
144.6611,33.10737,1,0
165.5891,38.79233,1,0
167.2247,39.25839,1,0
167.8212,39.31512,1,0
168.252,39.37793,1,0
196.4708,39.95094,1,0
207.0452,38.40649,1,0
207.7849,38.18221,1,0
225.6979,33.15216,1,0
230.8125,30.9928,1,0
231.9478,30.347,1,0
236.7654,27.98888,1,0
238.5838,27.02673,1,0
243.561,24.28095,1,0
130.203,26.81881,1,0
