objid,ra,dec,petroMag_u,petroMag_r,extinction_u,extinction_r,spiral,elliptical
1237651800159027384,146.951652205062,-0.592156399347983,19.79375,17.84402,0.4348003,0.2343758,1,0
1237650795146445031,146.628570011888,-0.765143977025585,19.72187,16.83504,0.3157236,0.1701884,1,0
1237650796220514489,147.329501903488,0.028900744222666,18.27413,15.70556,0.318304,0.1715793,1,0
1237648720142336237,146.571322012569,-0.957206943582653,18.46643,16.24518,0.2248645,0.1212114,1,0
1237648720142336185,146.51281767756,-0.84578295276744,17.58109,15.69998,0.2638339,0.1422177,1,0
1237650795683446896,146.857573291711,-0.218793947395657,20.37545,17.60717,0.5966072,0.3215965,1,0
1237650796220252232,146.760769036535,0.0159539082586567,21.75403,17.71375,0.6725608,0.3625387,1,0
1237650795146248321,146.093683842779,-0.793093696168647,18.48178,15.85149,0.2188797,0.1179854,1,0
1237648720142139633,146.118343278755,-0.868177186102889,20.34799,17.82652,0.2194566,0.1182964,1,0
1237648721216143430,146.603616489947,-0.191463034874475,18.69237,17.00637,0.6045931,0.3259012,1,0
1237648720679272634,146.629629363229,-0.465660529958573,19.27576,16.96149,0.4343251,0.2341196,1,0
1237648721216143524,146.661339555413,-0.103348062531791,20.13288,17.93375,0.7499584,0.4042593,1,0
1237650795683381498,146.7479565895,-0.268305342340758,20.83934,17.86486,0.5689608,0.3066939,1,0
1237648721216078463,146.594472143017,-0.133158613969149,19.07294,17.71657,0.6751227,0.3639196,1,0
1237648720678944894,145.874449045454,-0.608755056278409,18.20591,16.04546,0.2511499,0.1353804,1,0
1237648721215946942,146.299838928994,-0.119995463758507,17.87394,15.30955,0.6883183,0.3710326,1,0
1237648721216012368,146.433739057145,-0.10565768248392,22.40779,17.89417,0.6547468,0.3529362,1,0
1237650796220121207,146.347076828446,0.0754094663738096,20.60748,17.61837,0.6902549,0.3720766,1,0
1237650795683250349,146.381392930289,-0.386506983977315,20.70523,17.21555,0.4582614,0.2470223,1,0
1237650795683250364,146.399018692115,-0.350405556634752,19.5715,17.88009,0.5032459,0.2712708,1,0
1237650796220121127,146.399697063666,0.032220156076326,21.81258,18.02389,0.6980284,0.3762668,1,0
1237650796219924680,146.023373607279,0.0220080558935244,21.01377,18.01678,0.544108,0.2932972,1,0
1237650795683053764,145.987611715411,-0.342525860632833,20.73241,17.84888,0.2616647,0.1410484,1,0
1237648721215815838,145.877376522395,-0.0501882157399638,19.81768,17.6789,0.3166863,0.1707073,1,0
1237648720678944999,145.89110682792,-0.467054721353509,19.16971,17.53357,0.260133,0.1402227,1,0
1237650796219859194,145.865307498568,0.0896390088190932,20.71619,17.38391,0.4388787,0.2365742,1,0
1237650795146117231,145.754114381266,-0.753376726375304,20.06794,17.40806,0.2097352,0.1130561,1,0
1237650795146051832,145.643407364571,-0.684778926795466,19.32785,17.25209,0.2365351,0.1275024,1,0
1237650795146051795,145.708916807535,-0.747667879215391,19.81966,17.12483,0.2155514,0.1161913,1,0
1237648721215750297,145.744712993587,-0.0763443019867312,18.07164,16.59939,0.2854122,0.1538492,1,0
1237648721215684828,145.689355681244,-0.0113375561368612,19.81664,17.88824,0.273307,0.147324,1,0
1237648721215684769,145.601163277161,-0.00138168332214813,19.27516,17.07512,0.2664634,0.143635,1,0
1237650796219793525,145.622262640905,0.0346281843235314,19.71181,17.41754,0.2669306,0.1438868,1,0
1237648704023757044,145.801234298415,-0.21111036104638,20.2415,17.80345,0.3034441,0.1635692,1,0
1237650795145986089,145.487274514257,-0.806903952463781,18.80502,16.34968,0.2313548,0.12471,1,0
1237648721215553783,145.396109890313,-0.0912212082213058,19.49035,17.05483,0.2813816,0.1516766,1,0
1237650796219662548,145.413110357023,0.106488603679009,20.03085,17.8835,0.2749851,0.1482286,1,0
1237650796219728015,145.446709200943,0.0773970668854498,20.16251,17.81195,0.2586939,0.1394469,1,0
1237650795145855144,145.160444001272,-0.655478441976187,19.75308,17.51687,0.1556366,0.0838947,1,0
1237650796219662479,145.330058096625,0.0431201593743545,19.6664,17.66379,0.2766779,0.1491411,1,0
1237648722289361065,145.443109765936,0.826628242978956,19.56353,16.82163,0.5943284,0.3203681,1,0
1237650796756533434,145.341220825901,0.547317234067549,19.12237,16.95279,0.4897749,0.2640094,1,0
1237650796756533504,145.304705557272,0.562390113394189,20.41537,17.96449,0.4583573,0.247074,1,0
1237650796219596962,145.218778031565,0.147038968861957,18.82743,16.6667,0.2846546,0.1534409,1,0
1237648722289492252,145.842920284775,0.747880795447478,20.16909,17.93898,0.4630197,0.2495872,1,0
1237648722289557611,145.868109318099,0.829400963350654,20.44736,17.25401,0.4887139,0.2634374,1,0
1237650797293469823,145.544621670334,0.939369465005601,19.91967,17.06507,0.5584868,0.301048,1,0
1237650796219728046,145.471341998382,0.155196383325004,19.55678,17.26776,0.3043714,0.164069,1,0
1237648721752555616,145.556290460622,0.238524957056529,20.55634,17.79372,0.3666606,0.1976456,1,0
1237650797293600959,145.875241121335,0.912496080146214,20.36275,17.13424,0.5700819,0.3072982,1,0
1237650797293600970,145.89354739443,1.0284499808309,18.85979,17.03338,0.5449695,0.2937616,1,0
1237650796219793636,145.729432456926,0.126908720705778,18.91328,16.6341,0.3641045,0.1962677,1,0
1237648721752621257,145.800180149957,0.414171694392402,16.95268,14.48336,0.4845392,0.2611871,1,0
1237650797293797524,146.247035881694,0.924919556132646,19.5651,17.39682,0.5719244,0.3082915,1,0
1237648722289623325,146.12634901291,0.757888402903648,21.21469,17.93585,0.4522706,0.243793,1,0
1237651752384856377,146.13154382869,0.841162725075002,21.62679,17.17949,0.4480024,0.2414922,1,0
1237650796219924616,145.939699621309,0.116911696391069,19.34961,17.48522,0.530966,0.2862131,1,0
1237648721752686769,145.978463082186,0.2949623771613,19.93626,17.15907,0.5264881,0.2837994,1,0
1237648721752883489,146.411858609803,0.215356493870246,19.41124,17.54145,0.6719927,0.3622324,1,0
1237648722289885345,146.608765886994,0.804712560013826,19.58896,17.51883,0.7000949,0.3773807,1,0
1237648722289885254,146.61126419407,0.693046849576431,18.90607,17.38107,0.7840393,0.4226303,1,0
1237651752921989320,146.677204838736,1.12956919372072,19.8012,17.51063,0.6134234,0.3306611,1,0
1237651752385183960,146.798885076788,0.850533438735941,21.10424,17.8448,0.6247587,0.3367714,1,0
1237648721753145550,146.957655652356,0.39335310955137,18.54376,16.61878,0.4766018,0.2569085,1,0
1237648721753145376,146.902898425266,0.208910268160014,20.72086,16.88906,0.5110306,0.2754671,1,0
1237648721753080096,146.887742376565,0.217453980542903,19.09457,16.79746,0.5216534,0.2811932,1,0
1237648722290016415,146.91732084942,0.694847283168714,20.46231,17.79226,0.5385012,0.2902749,1,0
1237651752385315031,147.074439385566,0.885212772864989,19.31211,17.01087,0.4689069,0.2527607,1,0
1237651752385183972,146.84077585413,0.88622937077932,18.61314,16.12867,0.6161435,0.3321274,1,0
1237648721753211085,147.15058330411,0.416565392858097,18.40275,15.99125,0.3289674,0.1773273,1,0
1237648721753211064,147.128310200138,0.369214353332349,18.22424,16.17841,0.3281257,0.1768736,1,0
1237650796757385500,147.265340054179,0.465754785623371,19.28748,17.65025,0.3531507,0.1903631,1,0
1237651800159748237,148.598646234446,-0.732283715112384,18.69239,17.17256,0.1624119,0.08754688,1,0
1237648720143253733,148.666898920115,-0.899090689932191,18.87079,16.38403,0.1943597,0.1047681,1,0
1237648720143253641,148.565587239354,-0.936092311604233,19.81003,17.29423,0.1674784,0.09027791,1,0
1237654669735231788,149.168590971107,-0.380506642586411,20.68885,17.74399,0.1863415,0.100446,1,0
1237648721217257601,149.154579472032,-0.115701998585716,19.79369,17.65805,0.1412606,0.07614542,1,0
1237654669735231608,149.142427582929,-0.372420381624902,20.08642,17.08442,0.178736,0.09634624,1,0
1237651801233686770,149.117935930583,0.183975807079761,17.76194,15.44159,0.1390864,0.07497342,1,0
1237648720143188224,148.5090682336,-1.00351936725159,20.08824,17.75081,0.1639018,0.08835001,1,0
1237650795147296897,148.504456815978,-0.791651965971306,18.89301,17.49175,0.1520948,0.08198551,1,0
1237648720680321254,149.069458381291,-0.554990015186292,19.92022,16.90723,0.1628626,0.08778985,1,0
1237651800696815824,149.069371310344,-0.234000391318522,20.39053,17.59631,0.1668579,0.08994346,1,0
1237654669735166231,149.105306592207,-0.367428145985335,20.12757,17.43842,0.1672588,0.09015957,1,0
1237651801233686759,149.112540383361,0.129711336284537,18.09382,16.22128,0.1379596,0.07436606,1,0
1237651801233686692,149.02736314824,0.143257009278673,23.38626,17.88351,0.1434724,0.07733767,1,0
1237651801233686675,149.01062697576,0.139731090337452,19.41948,17.09014,0.1436311,0.07742321,1,0
1237648720143057157,148.215609591167,-0.874781647602529,19.59656,17.81066,0.1539622,0.08299214,1,0
1237648720143122623,148.394539945078,-0.887741520902375,20.19352,17.14643,0.144372,0.07782259,1,0
1237648720143122523,148.269459631154,-0.856689938524943,19.02665,16.70697,0.1491,0.08037122,1,0
1237648720143122589,148.353524191363,-0.905034896831022,19.73348,17.7118,0.1495209,0.08059807,1,0
1237650795147165945,148.266866057465,-0.78331699188777,20.22639,17.10806,0.1395948,0.07524752,1,0
1237654670271971603,148.908429448306,0.00872137902065287,20.18826,17.72537,0.1541746,0.0831066,1,0
1237651800696750245,148.873575816535,-0.290583056131871,19.27792,17.13368,0.1933859,0.1042432,1,0
1237648721217126725,148.979492200151,-0.190281126634072,18.44324,15.80216,0.1578553,0.0850907,1,0
1237648721217061098,148.84253281479,-0.0440964206188018,19.84507,17.0724,0.1634236,0.08809221,1,0
1237648721217061052,148.791662000458,-0.0210107386481626,19.51993,17.20503,0.1625878,0.08764169,1,0
1237650795147100328,148.00218718914,-0.784060697299451,19.54695,17.62822,0.181843,0.09802108,1,0
1237648720142991613,147.965210330569,-0.949370055096413,19.64302,17.75388,0.2119814,0.114267,1,0
1237648721216995401,148.549464046493,-0.0661549487084458,18.27001,17.03496,0.1676689,0.09038064,1,0
1237648721216930023,148.50575946456,-0.113885032793832,20.00446,17.5388,0.1912746,0.1031051,1,0
1237651801233555601,148.728878022737,0.188860427454444,19.00025,17.55409,0.1243412,0.06702515,1,0
1237648721216995497,148.679674085511,-0.0250932655731242,18.62208,17.03024,0.1596851,0.086077,1,0
1237651801233490073,148.600083980235,0.12917621624539,21.10996,17.44125,0.140281,0.0756174,1,0
1237648721216798768,148.183028555396,-0.0583056992308881,16.46079,14.76164,0.2039393,0.1099319,1,0
1237650795683971362,148.135654336617,-0.342346890551124,19.5843,17.09858,0.1949653,0.1050945,1,0
1237651801233358961,148.240546054323,0.117904238058273,18.72997,17.10099,0.1778752,0.09588223,1,0
1237648721216733511,148.084781068527,-0.146663119213172,18.93197,17.30871,0.2201596,0.1186753,1,0
1237648721216667824,147.863063518767,-0.168406104821513,18.67955,17.15787,0.2870725,0.1547442,1,0
1237650796220711125,147.787850695841,0.00986333671878703,19.45232,17.10925,0.2530885,0.1364254,1,0
1237650796220711045,147.693235243917,0.130508322572456,20.14343,17.66492,0.2467512,0.1330093,1,0
1237651800696291621,147.899642023661,-0.215242033267058,20.13829,17.57271,0.288299,0.1554053,1,0
1237648720142925946,147.807541553929,-0.884592690706725,18.56466,16.37107,0.2275525,0.1226604,1,0
1237650795146969395,147.722111899275,-0.691012089360032,19.5522,17.60993,0.1884035,0.1015575,1,0
1237650795146969196,147.809259205115,-0.72846287388876,18.55795,16.48333,0.1826914,0.09847837,1,0
1237648720679796935,147.82997215501,-0.441493753487062,19.85236,17.61468,0.2886971,0.15562,1,0
1237648720679796961,147.869319370638,-0.56268959755636,19.00941,16.93884,0.2717431,0.146481,1,0
1237650795683905713,147.854814120438,-0.369032339641664,18.44249,16.6598,0.322831,0.1740196,1,0
1237648720142729338,147.431091162009,-0.867265692862485,20.11894,17.72152,0.2799828,0.1509226,1,0
1237648720142729437,147.486413711029,-0.975160018048252,19.31077,16.57409,0.2926855,0.1577699,1,0
1237650795683709140,147.437214518549,-0.342079566641749,19.21652,17.28001,0.3097292,0.1669571,1,0
1237648721216471235,147.477687126789,-0.165221641447068,20.05112,17.54175,0.2860126,0.1541729,1,0
1237648720142663815,147.229897127904,-0.898338718715122,18.63457,17.27998,0.3158139,0.170237,1,0
1237648720142598416,147.07785378333,-0.873018113028504,19.00148,16.55475,0.3057511,0.1648128,1,0
1237650795683643629,147.362872274636,-0.327873981217028,19.49055,17.72016,0.3122659,0.1683245,1,0
1237650795683447062,146.82612276892,-0.337518549535378,19.61004,17.9125,0.6151606,0.3315976,1,0
1237650796757451115,147.431699039543,0.456311438015262,19.26075,17.69241,0.3157787,0.1702181,1,0
1237648721753342110,147.372674000036,0.242594709988555,18.44286,16.24057,0.3302928,0.1780418,1,0
1237648722827149457,147.51134636705,1.100608040787,20.40878,17.21685,0.2617342,0.1410858,1,0
1237648722290278687,147.642613017192,0.780122092526017,19.09725,17.12838,0.2263088,0.12199,1,0
1237648722290213005,147.450098451073,0.758081103167746,18.88311,17.11234,0.287515,0.1549828,1,0
1237651801769902317,147.538964611331,0.597570853860782,18.0834,16.22799,0.252185,0.1359384,1,0
1237648721753342172,147.471038640873,0.315045766741908,17.58869,14.96028,0.3283746,0.1770078,1,0
1237648722290278662,147.619259215724,0.747060731831779,20.09041,17.8038,0.2288377,0.1233532,1,0
1237648722290278439,147.590982888275,0.736436128148871,20.69765,17.52893,0.2318499,0.1249769,1,0
1237650796757647516,147.865625723879,0.502012284871117,18.50146,16.14552,0.2157254,0.1162851,1,0
1237648721753538824,147.864590042975,0.255910736865939,18.82775,16.56867,0.2257405,0.1216837,1,0
1237648722827280613,147.827551178858,1.13230467684269,19.87393,17.79905,0.2621393,0.1413042,1,0
1237648722290475146,147.968387912068,0.764443156032584,19.73161,17.56132,0.18883,0.1017873,1,0
1237651801770098844,147.951426200225,0.605245585274047,19.68234,17.89634,0.2032604,0.1095659,1,0
1237648721753538898,147.945349412756,0.330468514369049,18.24056,15.80104,0.1912828,0.1031095,1,0
1237648721753604388,147.949214371056,0.290229101675273,21.48011,17.8325,0.1929741,0.1040212,1,0
1237650796220842186,148.082814606216,0.203665507379422,17.99701,15.93645,0.1727102,0.09309809,1,0
1237648721753538747,147.934830636614,0.26842111779419,19.90475,17.15052,0.2011794,0.1084442,1,0
1237651801770164478,148.236828752318,0.611036664081629,20.26578,17.28466,0.1329986,0.07169185,1,0
1237651801770229959,148.290210904951,0.58347134140282,20.21632,17.2158,0.1532009,0.08258174,1,0
1237651801770164434,148.182030992675,0.537232336471075,19.98228,17.62651,0.1184646,0.06385741,1,0
1237648722290606332,148.311873861895,0.649953873322496,20.25023,17.50313,0.2130359,0.1148353,1,0
1237648722290606324,148.307937651401,0.628534352846503,19.46854,17.21834,0.193684,0.1044038,1,0
1237648722290606136,148.334281389943,0.697737547469026,15.36721,12.61929,0.2349069,0.1266247,1,0
1237651801770295403,148.395157349904,0.59627221120132,19.2469,16.7505,0.2211884,0.1192299,1,0
1237650796757844130,148.354871210602,0.486987119611319,20.26942,17.41463,0.200735,0.1082046,1,0
1237651752385708176,148.054676587701,0.924519356876647,19.31243,17.19363,0.2151861,0.1159944,1,0
1237650797294583880,148.035605946055,0.97314234436816,19.4082,17.63849,0.2287014,0.1232797,1,0
1237648722290671857,148.524735371597,0.650542107171237,17.45989,15.72777,0.1773923,0.09562193,1,0
1237651801770361001,148.542513119356,0.605445462036804,18.73321,17.20638,0.1816845,0.09793563,1,0
1237648722290737341,148.558944231461,0.638309307932503,16.59658,14.74983,0.1744546,0.0940384,1,0
1237648721753866380,148.619335258004,0.254581836287274,18.46271,16.63574,0.1619154,0.08727925,1,0
1237648722290671783,148.44050913004,0.786736988270132,19.11756,17.48981,0.17217,0.09280688,1,0
1237651801770426430,148.817060771348,0.562955281285634,17.96125,15.75354,0.1207657,0.06509779,1,0
1237648722290868398,148.860022178506,0.748604768439327,19.66637,17.53011,0.1080689,0.0582537,1,0
1237648721753931984,148.78170595564,0.277364654415399,19.96101,17.27137,0.1287173,0.06938408,1,0
1237653663647662234,148.757441057311,0.96952290338994,17.62098,15.83548,0.1045636,0.05636418,1,0
1237653663647662207,148.704455888236,1.00974946112413,18.79422,17.1001,0.09967878,0.05373107,1,0
1237648722290802828,148.761930151543,0.75750705336595,18.18028,16.65277,0.1136136,0.06124252,1,0
1237648722290671873,148.54048363604,0.768493983005781,19.21333,17.46074,0.1644136,0.08862589,1,0
1237648721753997595,148.975410873414,0.332932537583563,18.33178,16.58185,0.1175589,0.06336924,1,0
1237648722290868490,148.961713196259,0.687285905361288,19.46146,17.15653,0.1177724,0.0634843,1,0
1237648722290933876,149.005013385741,0.664999281314349,18.524,16.47674,0.1206824,0.0650529,1,0
1237651801770492184,148.94934924845,0.530802187548368,18.598,16.67265,0.1132425,0.0610425,1,0
1237654670808907883,149.009106295297,0.440208234829742,18.9757,17.53136,0.1170959,0.06311964,1,0
1237648721753997600,148.982439656739,0.229872354459963,19.19638,16.67933,0.1356957,0.07314572,1,0
1237651800160469257,150.247836994782,-0.738448493547453,20.57263,17.63795,0.1728486,0.09317271,1,0
1237648720143909041,150.184955682519,-0.899090739647758,20.18852,17.69628,0.1677572,0.0904282,1,0
1237651800160534607,150.346304550972,-0.634602653757388,18.27523,16.28497,0.205916,0.1109974,1,0
1237648721217782018,150.447978998306,-0.161328068862352,19.93069,17.36272,0.1552822,0.08370369,1,0
1237654669198688303,149.915646853323,-0.784806154495703,19.35564,17.27308,0.1685092,0.0908336,1,0
1237648720680648893,149.875987977689,-0.629353303550418,18.40621,16.63267,0.1544673,0.08326438,1,0
1237651800697340133,150.291370873314,-0.269037544529171,18.03381,16.00219,0.1527552,0.08234153,1,0
1237648721217716327,150.285786378341,-0.193478225913073,19.0731,17.11145,0.159737,0.08610502,1,0
1237654669735755916,150.333505333354,-0.369280204719841,19.76442,17.41728,0.1555246,0.08383435,1,0
1237648721217716499,150.30310222868,-0.0888959258192594,18.63023,16.47808,0.1557427,0.08395191,1,0
1237654670272626852,150.359016508321,0.0824744231042036,19.52838,17.17523,0.1315006,0.07088439,1,0
1237648721217716546,150.335375820752,-0.182863726304489,18.94499,16.35983,0.1571618,0.08471683,1,0
1237648720143712423,149.614026602338,-0.854956003981087,19.30108,16.92464,0.1639494,0.08837567,1,0
1237648720680583341,149.672782354588,-0.447550062405105,19.3715,17.8044,0.1341131,0.0722926,1,0
1237654669198557330,149.61643634443,-0.834498946579425,19.18559,16.9067,0.1628198,0.08776674,1,0
1237651800160206978,149.62760246003,-0.686967691684105,20.0539,17.56887,0.1478401,0.07969207,1,0
1237648721217716415,150.254478579606,-0.179937978240677,18.6818,17.02738,0.1605735,0.08655588,1,0
1237648721217716445,150.280206118054,-0.0440685941959203,19.57627,16.78019,0.152023,0.08194681,1,0
1237648721217716376,150.208211947633,-0.149159040367351,17.65363,15.57918,0.1561956,0.08419602,1,0
1237654669198360714,149.238266982725,-0.777872894019843,19.95108,17.56208,0.1732192,0.09337246,1,0
1237648720680452215,149.328197546832,-0.470765999292017,18.74942,17.0116,0.1696906,0.09147041,1,0
1237651800160141388,149.445647460341,-0.695827158502706,20.20955,17.05978,0.1549458,0.08352232,1,0
1237648721217650936,150.147234869066,-0.0497841301872889,20.07687,17.67768,0.1526173,0.08226717,1,0
1237651800697209059,150.006307964033,-0.235711229314811,19.35481,17.74627,0.1360479,0.07333554,1,0
1237654669735493825,149.818129034151,-0.380704107830579,19.88452,17.15333,0.1219606,0.06574189,1,0
1237648721217519859,149.844961907627,-0.0163867689494286,18.7649,17.12512,0.1324091,0.0713741,1,0
1237648721217519952,149.823239284717,-0.0359548911622742,19.91909,17.37462,0.1314421,0.07085287,1,0
1237651801234014496,149.819399493636,0.101034369125055,19.79185,17.71696,0.1128869,0.06085078,1,0
1237654670272430496,149.917374285458,0.0442234995118453,18.51795,17.28376,0.1319012,0.07110032,1,0
1237648721217519805,149.800364547827,-0.0704779194038527,20.2295,17.49978,0.1277224,0.06884775,1,0
1237651800697143553,149.859093314723,-0.253954023599334,16.05859,13.75947,0.1322294,0.07127726,1,0
1237648720680583296,149.614184105578,-0.419959871591219,18.07798,16.56621,0.1358551,0.07323166,1,0
1237648721217519796,149.794118667678,-0.19997090101112,20.0739,17.62698,0.1220213,0.06577466,1,0
1237651800697077972,149.667413556064,-0.258373858108615,20.2373,17.35433,0.1217986,0.06565457,1,0
1237654670272299194,149.643897247186,0.0688806421571656,17.86047,16.16673,0.1137617,0.06132236,1,0
1237654670272364735,149.763509943536,0.0370634087741015,18.62815,16.9472,0.1192994,0.06430743,1,0
1237654670272364745,149.779688643824,0.0106476904847155,17.95424,15.43172,0.1229623,0.06628186,1,0
1237648720143515764,149.187066926643,-0.956799015663979,20.42179,17.4394,0.2630011,0.1417687,1,0
1237648720143450249,149.102485431442,-0.937012148239744,19.99174,16.9917,0.279299,0.150554,1,0
1237651800159944986,149.135686249806,-0.694629294444882,20.534,17.75812,0.1749766,0.09431978,1,0
1237651800160010443,149.187874948994,-0.682221001693262,19.69967,17.46615,0.1661576,0.08956596,1,0
1237651801233883405,149.576191351461,0.0999897981634321,19.68542,17.49392,0.112023,0.06038512,1,0
1237654670272233620,149.416891805147,0.000448924752147966,19.57371,17.06238,0.1050583,0.05663084,1,0
1237654670272168171,149.373336706622,0.0387938152707088,20.17737,17.54857,0.104907,0.05654929,1,0
1237651800697012368,149.456119460069,-0.269470266299042,18.08647,16.57921,0.1392593,0.07506666,1,0
1237648720680517751,149.449995534726,-0.433059565654264,18.48702,16.42021,0.1483662,0.07997564,1,0
1237654669735362839,149.477569643186,-0.397203613760921,19.31908,16.94158,0.1443831,0.07782859,1,0
1237651800696946974,149.422683637794,-0.310695557272257,18.79634,16.50066,0.1455572,0.07846146,1,0
1237648720143450191,149.031449275894,-0.955659520060839,19.15382,17.53553,0.2725196,0.1468996,1,0
1237648720143450317,149.086986777617,-0.903793355517882,21.84923,17.66672,0.258921,0.1395693,1,0
1237651800696946882,149.3111328791,-0.310497167527734,19.13552,16.75806,0.1580574,0.0851996,1,0
1237654669735297421,149.295776966157,-0.369955640197163,18.91545,17.3204,0.1701974,0.09174362,1,0
1237651800696881308,149.251390384104,-0.289802215499625,19.23384,16.98829,0.1747403,0.0941924,1,0
1237648721217323196,149.29950356996,-0.159439160034807,20.32011,17.72221,0.1275697,0.06876545,1,0
1237651801233686714,149.061250185928,0.103009217301946,18.68486,17.18725,0.1432718,0.07722957,1,0
1237651800696815807,149.049313115831,-0.303153876834333,19.60972,17.2556,0.1645954,0.08872389,1,0
1237650795684168020,148.584461556938,-0.335590137102272,19.37824,16.8568,0.1728459,0.09317128,1,0
1237648722827673705,148.756221483093,1.0690964999668,20.35807,17.53762,0.09914238,0.05344193,1,0
1237648722827346154,147.988126086754,1.10103073842586,19.39957,17.36406,0.251005,0.1353023,1,0
1237651801770230089,148.359651531865,0.624574195586513,18.76497,17.31524,0.2225498,0.1199638,1,0
1237648721753931939,148.729800304076,0.378657615862522,17.59542,15.54905,0.1304343,0.07030962,1,0
1237648721753735482,148.361481569704,0.293701339529475,19.05899,17.38379,0.1547938,0.08344039,1,0
1237651801770230057,148.386019289139,0.602175771339084,19.12253,16.43465,0.2202747,0.1187374,1,0
1237650796757909657,148.45930332186,0.440188340825687,19.46556,17.48889,0.2400758,0.129411,1,0
1237651752386232437,149.177913192917,0.930225806265702,18.22607,16.46525,0.09591342,0.05170139,1,0
1237648721216209055,146.811996193846,-0.1900383146915,19.65788,16.68042,0.6095087,0.328551,0,1
1237650795146248369,146.135558007023,-0.682184639025534,20.32666,17.4001,0.2594571,0.1398583,0,1
1237650795683381472,146.737131268316,-0.25220191232164,19.96411,16.95852,0.5673128,0.3058056,0,1
1237650795683381380,146.643586145582,-0.33135213312075,20.42026,16.769,0.5457355,0.2941745,0,1
1237650795683381426,146.69571686309,-0.286946747770551,19.46773,16.37358,0.5488212,0.2958378,0,1
1237648720142008580,145.818101273901,-0.878973095843891,21.07793,17.42474,0.1956926,0.1054866,0,1
1237648721216078045,146.46890559991,-0.0928280403032654,17.81336,14.85435,0.6611421,0.3563835,0,1
1237648721215946868,146.165601142076,-0.0641431119018213,19.94478,17.15841,0.5538431,0.2985449,0,1
1237648721215881342,146.05730387255,-0.0970296857105921,18.55442,15.77193,0.418884,0.2257962,0,1
1237648720678879348,145.722038785159,-0.527143419724582,21.11193,17.75592,0.2461181,0.1326681,0,1
1237650795145986295,145.526234947035,-0.747407536548967,20.64181,17.90324,0.2472416,0.1332737,0,1
1237648720141746455,145.207375791509,-0.863077857877325,20.39822,16.83233,0.1662686,0.08962579,0,1
1237650796219596957,145.193876038736,0.168908419403915,20.10365,17.55712,0.2800053,0.1509347,0,1
1237651752384659678,145.598949283983,0.843826746102826,24.04252,17.84292,0.5483696,0.2955944,0,1
1237648722289557692,145.969659074809,0.830928027512297,19.38767,16.51184,0.4935482,0.2660433,0,1
1237648722289557713,145.992634603744,0.788073236970777,18.64815,16.34423,0.4687102,0.2526546,0,1
1237650796756664459,145.651897608029,0.469140962906345,20.15366,17.89919,0.5869976,0.3164165,0,1
1237651752921792753,146.226883267676,1.24525010172753,21.11812,18.04134,0.6528832,0.3519316,0,1
1237651752921792685,146.206295735387,1.14829020130248,19.83592,16.7783,0.5933914,0.319863,0,1
1237648722289623054,146.020908346966,0.733551670883614,17.49979,14.44881,0.4566654,0.2461619,0,1
1237650796756795418,145.947802337301,0.465303809566206,18.06493,15.41396,0.5143122,0.277236,0,1
1237650796219924757,146.004070360421,0.203649247900802,21.09213,17.78778,0.5772675,0.3111716,0,1
1237648721752752343,146.144373043195,0.243124832101439,21.03425,17.7909,0.6124384,0.3301302,0,1
1237648721752752319,146.078658759667,0.212793816840695,20.16857,17.99204,0.5986845,0.3227163,0,1
1237650796220186819,146.588824133516,0.172610229106677,19.05371,16.56866,0.6135906,0.3307513,0,1
1237650796220252345,146.694561463995,0.172363517655269,20.31206,17.91635,0.6456532,0.3480344,0,1
1237650797294059653,146.816246136973,0.944088514372433,19.81294,16.55598,0.6448281,0.3475896,0,1
1237651752385249517,146.902072628484,0.899749377046136,22.97633,17.79565,0.5863764,0.3160816,0,1
1237648722290016542,147.031984259282,0.775342387053558,22.00672,16.26904,0.468872,0.2527418,0,1
1237648722290016499,147.021648789342,0.754459845645703,17.89376,14.73845,0.4693412,0.2529947,0,1
1237650796757319865,147.180091123858,0.429634757493588,18.43155,15.93282,0.3328322,0.1794106,0,1
1237654669735231622,149.160894425126,-0.358016663076952,17.53974,14.87148,0.1878162,0.1012409,0,1
1237648721217257621,149.16987755671,-0.0233313956488212,19.17672,16.42269,0.1249094,0.06733147,0,1
1237648720143122615,148.384960043677,-0.941452431840223,19.7222,16.97177,0.1551739,0.08364531,0,1
1237650795147165899,148.237680975064,-0.79196717766555,18.8118,15.72801,0.1423072,0.07670958,0,1
1237648721217126671,148.953647247778,-0.0971220092440175,17.47757,14.65524,0.1597924,0.08613488,0,1
1237648721216995421,148.592957183751,-0.19600124719372,20.20701,17.38347,0.1904962,0.1026855,0,1
1237654669735035129,148.727918807855,-0.370735736540255,19.69169,16.32845,0.2241314,0.1208163,0,1
1237648721216864397,148.345959267818,-0.165999978155525,19.03839,16.89617,0.1838047,0.09907849,0,1
1237648720142860587,147.708575257485,-0.887722770108331,20.48738,17.5116,0.2338858,0.1260743,0,1
1237648720142729396,147.40811009173,-0.887018383405805,20.36938,17.63468,0.2849388,0.1535941,0,1
1237650795683709176,147.470088539874,-0.35133898003661,20.64265,17.81911,0.3048602,0.1643325,0,1
1237648720142663798,147.204906665213,-0.887445941039702,19.79609,17.83989,0.3188282,0.1718619,0,1
1237650795683578072,147.220722590579,-0.293141037603876,18.91992,15.56097,0.3376281,0.1819958,0,1
1237650795683381471,146.729687667218,-0.259671372499584,19.71558,16.90951,0.561702,0.3027811,0,1
1237651752385380607,147.313452622016,0.897155821845633,20.62302,17.5835,0.3757742,0.2025582,0,1
1237648722290147714,147.318381041711,0.821648553054207,23.66814,17.98042,0.3925886,0.2116218,0,1
1237648722290278627,147.56857786828,0.706088740541472,19.76032,17.72256,0.2381269,0.1283605,0,1
1237651801769967819,147.74001885278,0.615669172320483,20.12789,17.46255,0.2247704,0.1211608,0,1
1237648721753538850,147.895255988866,0.255656057398816,19.04124,16.12949,0.2189831,0.1180411,0,1
1237648722827280442,147.895864049868,1.11206684666239,17.20416,14.59588,0.284838,0.1535397,0,1
1237651752385708153,148.014343385491,0.871195691366738,19.88438,17.06568,0.2151062,0.1159513,0,1
1237651801770164404,148.167450016868,0.530412381093004,18.41193,15.57836,0.1185832,0.06392138,0,1
1237648721753669945,148.233392587534,0.357718659671095,19.66326,17.54996,0.1451688,0.07825212,0,1
1237650796757844174,148.376795824283,0.448627460090094,17.72635,15.10189,0.2069628,0.1115617,0,1
1237648721753997510,148.879627199226,0.354850328248901,19.00584,16.15196,0.1158214,0.06243264,0,1
1237654670808776857,148.732554668501,0.441040604086594,20.99963,17.77555,0.1255675,0.0676862,0,1
1237653663647727721,148.781634345901,1.01658234536022,19.19326,16.31415,0.1049909,0.05659454,0,1
1237648722290737224,148.60078217323,0.823710170827705,17.66311,14.80933,0.1494252,0.08054651,0,1
1237651801233752176,149.19449773961,0.20273027067409,17.99773,15.4114,0.1286917,0.06937027,0,1
1237648720143843470,149.999032228241,-0.869149458440511,18.07344,15.39118,0.1596552,0.0860609,0,1
1237648720680779989,150.190748527616,-0.614745491181583,20.66164,16.81152,0.1956893,0.1054848,0,1
1237648721217781869,150.470614828174,-0.125152171985903,17.69812,15.08532,0.1535298,0.08275903,0,1
1237651800697405703,150.45621817849,-0.308622148434092,19.91358,17.27336,0.1594508,0.08595074,0,1
1237651800160272480,149.805943033279,-0.643386979925462,21.6136,17.83767,0.1477233,0.07962909,0,1
1237648721217716483,150.297003559416,-0.133472685723812,18.48843,15.5437,0.159595,0.08602845,0,1
1237648721217716302,150.28976277301,-0.0795036304952191,17.50076,14.64956,0.1550194,0.08356202,0,1
1237651801234276482,150.363788718501,0.103116349078086,20.22371,17.21878,0.1297416,0.0699362,0,1
1237654669198557348,149.646771283386,-0.83694635488095,19.20422,16.1559,0.1606161,0.08657885,0,1
1237648720143712324,149.654673480524,-0.92950537317698,17.729,14.84838,0.1629882,0.08785754,0,1
1237654669198557396,149.675505369187,-0.806251548551031,18.76791,16.06254,0.1573002,0.08479147,0,1
1237654670272495891,150.09944736951,0.0143410058105026,18.05084,15.49296,0.1524506,0.0821773,0,1
1237648721217651032,150.171926763149,-0.0811538509093812,20.37434,17.69082,0.1529536,0.08244847,0,1
1237651800697143648,149.881401542698,-0.256547518016396,18.46987,15.84292,0.1334829,0.0719529,0,1
1237651800697208965,149.897604858835,-0.305117099326777,20.26389,17.14161,0.1277745,0.06887586,0,1
1237648721217519847,149.838016160955,-0.0996403737528922,20.68829,17.71948,0.1328659,0.07162031,0,1
1237648721217519819,149.807150603612,-0.124320853322496,19.65136,16.96546,0.1259237,0.06787821,0,1
1237648721217519783,149.774982593603,-0.146573438602821,20.58536,17.51814,0.120731,0.06507911,0,1
1237648721217519748,149.745692245817,-0.206072184187622,19.19186,16.56193,0.1155676,0.06229585,0,1
1237654669735428285,149.588505115138,-0.335616620507949,20.12507,17.0591,0.1316892,0.07098606,0,1
1237648721217454285,149.653703921135,-0.0285606493322157,20.2653,17.25348,0.1130736,0.06095146,0,1
1237651800160010428,149.164093291762,-0.701193744582743,21.78514,17.77359,0.1735194,0.09353427,0,1
1237651800697012353,149.447841870861,-0.302902872126804,18.52311,15.73766,0.1429047,0.07703169,0,1
1237654669735362781,149.42404081114,-0.354885912350587,18.60367,16.00026,0.1497781,0.08073675,0,1
1237654670272168112,149.288736892682,0.0091466015070963,18.83349,15.97759,0.1091091,0.05881441,0,1
1237648721217192171,149.046199473057,-0.0776232423474475,18.23302,15.53292,0.1542106,0.08312602,0,1
1237648721753932012,148.80375340849,0.284823322287806,18.45584,15.64844,0.1291492,0.06961688,0,1
1237648721754128529,149.214166621758,0.208799417383325,17.67108,14.8491,0.1275017,0.0687288,0,1
1237648721754062996,149.005777438575,0.358014762809898,18.26964,15.61609,0.1193331,0.06432559,0,1
1237651752386298007,149.324627844165,0.982624436279045,18.10755,15.77676,0.1114659,0.06008482,0,1
1237651752386298094,149.438042446093,0.86149895096359,18.35911,15.63325,0.1207827,0.065107,0,1
1237651752386298087,149.427246801207,0.911270784209763,20.3103,17.16559,0.117799,0.06349862,0,1
1237648721754325237,149.613469902888,0.382478783209481,18.27758,15.63519,0.10105,0.05447024,0,1
1237648721754456209,149.898326307334,0.345465370372063,20.47342,17.36797,0.104637,0.05640376,0,1
1237651801771016391,150.132075494384,0.548958804046096,17.20385,14.68194,0.1065257,0.05742186,0,1
1237648721754456298,150.029154241836,0.219381806697967,20.87893,17.49875,0.1090323,0.05877304,0,1
1237648721754521800,150.107961826174,0.233560308128175,20.39183,17.33237,0.114345,0.06163677,0,1
1237651752386691219,150.282336332176,0.853217998119072,19.09468,16.17795,0.1022104,0.05509573,0,1
1237648722291327155,149.948730510357,0.818812507287487,20.53428,17.04573,0.09328407,0.05028405,0,1
1237654670809432214,150.195971826996,0.49961508246972,19.5439,17.13831,0.1061658,0.05722783,0,1
1237651801771147421,150.452725715974,0.539881503658594,19.62006,17.55159,0.1064026,0.05735551,0,1
1237648721218437217,151.970425560973,-0.153763342953848,17.70149,14.96678,0.1355166,0.07304917,0,1
1237648720681566475,151.925599061405,-0.551577086580434,27.32291,17.02267,0.1443742,0.07782378,0,1
1237648720144433323,151.363172570916,-0.874616542700249,20.37783,17.27541,0.1911871,0.1030579,0,1
1237648721218371781,151.773279273065,-0.19356383474225,19.65324,17.29615,0.145249,0.07829536,0,1
1237654669736345611,151.66872062299,-0.411426229015854,23.57169,18.39836,0.1489703,0.08030128,0,1
1237648721218306165,151.560395895425,-0.168772141635912,20.38577,17.28776,0.1633788,0.08806807,0,1
1237648720681304271,151.326063128662,-0.448103995155593,20.93727,17.8437,0.2071747,0.1116759,0,1
1237651800160862448,151.221252510227,-0.677094995468758,18.96313,16.04794,0.2195708,0.1183579,0,1
1237654670273020092,151.315497771321,0.0696627156122008,19.97241,16.48253,0.185075,0.09976327,0,1
1237651800160927904,151.261637835526,-0.709017108531322,20.10309,17.01151,0.2206616,0.1189459,0,1
1237648721218109656,151.237577202538,-0.0235052993285494,19.60799,16.63787,0.1773837,0.09561732,0,1
1237651800160927863,151.233788423417,-0.709552532657369,18.68303,15.85603,0.2209982,0.1191274,0,1
1237648720681107528,150.924288366158,-0.566871699322211,19.40816,16.2801,0.2187541,0.1179177,0,1
1237654670272823422,150.782687297764,0.0451692082030533,17.61102,14.8669,0.1432115,0.07719706,0,1
1237654670272888852,150.939444340305,0.0299496182124907,19.04861,16.15428,0.1404646,0.07571635,0,1
1237654669198884955,150.395486625344,-0.773975445373154,25.48616,16.64973,0.1761157,0.09493379,0,1
1237648720144040025,150.470354083338,-0.878048779652998,19.09648,15.90564,0.1975602,0.1064933,0,1
1237651801771212880,150.59392922777,0.5586110239018,17.98538,15.63155,0.1177847,0.06349092,0,1
1237651752386756789,150.42172098844,0.965948580762411,20.22327,17.6706,0.1001717,0.0539968,0,1
1237651752386756734,150.353631022175,1.0080444424569,18.11628,15.49959,0.08994283,0.04848299,0,1
1237648721754783932,150.777919786547,0.32039131311625,18.26088,15.46552,0.116078,0.06257094,0,1
1237654670809694360,150.775870244912,0.45410816684186,17.32071,14.42464,0.1103218,0.05946809,0,1
1237654670809694433,150.819146696032,0.490564890938967,18.86842,16.357,0.1104379,0.05953072,0,1
1237651752386887699,150.651414684976,0.847672646689043,19.22805,16.39131,0.1184622,0.06385612,0,1
1237651752386822390,150.619172899405,0.891543222343788,20.87518,17.66405,0.1147831,0.06187297,0,1
1237654670809760001,150.953716024481,0.486873008503272,19.72402,17.44569,0.1224368,0.06599861,0,1
1237648721754915029,151.045494090146,0.24537670287579,19.22669,16.52479,0.1335901,0.0720107,0,1
1237654670809825400,151.083448187307,0.476591026153952,17.95622,15.74743,0.1335113,0.07196822,0,1
1237651801771475037,151.090895482827,0.534183543288778,18.80545,16.0869,0.1319227,0.0711119,0,1
1237651801771475063,151.112888405317,0.523999979770649,16.83134,14.51606,0.1352,0.07287854,0,1
1237648721754980541,151.163865941742,0.281521622466002,18.34211,15.98643,0.1483853,0.07998594,0,1
1237651801234604297,151.114957170547,0.142416480236506,20.55256,17.89957,0.1428518,0.07700315,0,1
1237648721755046096,151.389400521103,0.29983732033249,20.18527,16.97493,0.1703118,0.09180526,0,1
1237651801771540649,151.315105383251,0.610320592647067,17.40279,14.65665,0.1755097,0.09460715,0,1
1237648722828722339,151.220225708473,1.08674733820714,19.74373,16.85885,0.1208213,0.06512777,0,1
1237648721755373628,152.055393208604,0.383116878713575,17.96949,15.11399,0.1403378,0.07564802,0,1
1237651801234997481,152.105038585049,0.175946770113398,18.26583,15.53153,0.1221936,0.06586752,0,1
1237651801234997435,152.08675003058,0.16143617823219,19.12599,16.10672,0.1244456,0.06708142,0,1
1237648721755308190,151.985032239065,0.27217736182413,17.00651,14.46013,0.1368788,0.07378344,0,1
1237648720145416348,153.607083126828,-0.871867626466456,17.18715,14.31101,0.169097,0.09115043,0,1
1237654669200326820,153.62339589668,-0.807191862953614,19.21902,16.55598,0.1723968,0.09292915,0,1
1237654669200261277,153.525241213053,-0.832508691650568,19.97406,17.20753,0.167176,0.09011495,0,1
1237654669737197771,153.654672833772,-0.38770338530675,19.75861,16.5713,0.1591039,0.08576375,0,1
1237654669737197620,153.691230524095,-0.339343182760624,17.10992,14.4557,0.1600661,0.0862824,0,1
1237651800161976458,153.665582290412,-0.724861555660272,19.44958,16.88223,0.1716089,0.09250447,0,1
1237648721219092632,153.47429239505,-0.154835468680885,19.10022,15.6869,0.1395038,0.07519846,0,1
1237648721219092792,153.426009609119,-0.123784810449002,21.00997,17.72487,0.1442626,0.07776366,0,1
1237651800161648733,152.888062184961,-0.717351851760111,22.32276,16.91799,0.1932901,0.1041915,0,1
1237648720681959427,152.741658894885,-0.502814230851112,17.09492,14.42592,0.1625697,0.08763192,0,1
1237651800161517720,152.664163953361,-0.69796021368063,20.60516,17.28578,0.1931647,0.1041239,0,1
1237654669736739045,152.661997172577,-0.340841647267731,20.57637,17.42535,0.1613889,0.08699544,0,1
1237654669736673375,152.442150536149,-0.389306215688693,21.52509,17.53149,0.1387645,0.0747999,0,1
1237651800698323041,152.462668064387,-0.312482612322779,20.19649,17.12837,0.1360664,0.07334552,0,1
1237648720144957682,152.524569568419,-0.999788844671912,19.61034,17.04856,0.1911927,0.1030609,0,1
1237654669199736992,152.337140551811,-0.81316518145541,20.73306,17.71834,0.1836431,0.09899139,0,1
1237648721218568475,152.265789886137,-0.171200849957963,20.42668,17.26407,0.1240701,0.06687903,0,1
1237651800698191908,152.19923903614,-0.26980894372436,16.84702,14.51231,0.1397122,0.07531077,0,1
1237648722829050042,151.865823099596,1.23368935394911,21.07624,17.52451,0.1450587,0.07819277,0,1
1237651752387477576,152.011133126589,0.973307892737186,20.89491,17.3602,0.1549425,0.08352058,0,1
1237648721218568321,152.151693440247,-0.0734142476191976,20.43152,17.37094,0.1215435,0.06551711,0,1
1237648722292375771,152.354971278845,0.782355995652938,19.39557,16.78427,0.139684,0.07529556,0,1
1237654670273478754,152.256703542374,0.0503052010477658,19.65714,16.00575,0.1175383,0.06335812,0,1
1237648721755504889,152.429059019341,0.382746555740477,19.50965,16.78605,0.1224864,0.06602533,0,1
1237648721218634007,152.432608580649,-0.0521289999164167,18.99216,16.19753,0.1082966,0.05837645,0,1
1237648721755635990,152.735945870635,0.256332021554507,20.38622,17.2366,0.1287456,0.06939933,0,1
1237651801235652715,153.524561496544,0.10567395445751,19.57058,16.97617,0.1365997,0.073633,0,1
1237648721756094527,153.640952489359,0.31531955385435,19.09248,16.3234,0.1472317,0.07936414,0,1
1237648721756029074,153.567367036929,0.306872131407589,19.09987,15.91535,0.1466626,0.07905735,0,1
1237654670274068509,153.68038963258,0.0308309184260983,20.52937,17.45623,0.1301444,0.07015336,0,1
1237648721756094558,153.654762335684,0.341514340946178,18.01965,15.07665,0.1477965,0.07966859,0,1
1237651752388132980,153.524547293913,0.915465055007345,20.47693,17.79016,0.1643462,0.08858956,0,1
1237654670274199652,153.899992403905,0.01323474374522,18.15471,15.45615,0.1477544,0.07964586,0,1
1237654670274199691,153.931960198938,0.00754568802087473,27.70361,17.35632,0.1497765,0.08073588,0,1
1237651801772654910,153.845273274892,0.549259347239359,18.49941,15.87959,0.1562841,0.08424375,0,1
1237654669200916669,155.016222939458,-0.793111456866741,20.23086,16.97923,0.2040675,0.110001,0,1
1237651800699568313,155.3563727717,-0.253304238549786,19.98034,17.59591,0.1969848,0.1061831,0,1
1237651800162762899,155.435314532387,-0.67215556027498,18.40908,15.45834,0.2208783,0.1190628,0,1
1237648721219813488,155.015866294537,-0.113941461692174,19.22571,16.25502,0.187785,0.1012241,0,1
1237654669200719952,154.613716416745,-0.83345991521127,24.43616,17.48854,0.2506543,0.1351133,0,1
1237651800162500807,154.934471438403,-0.638302605018083,17.54745,14.72799,0.2234015,0.1204229,0,1
1237648720145678479,154.203008603035,-0.850373924609449,17.91849,15.49589,0.2052245,0.1106247,0,1
1237648721219551461,154.466950319659,-0.0363303067131755,20.95106,17.80424,0.1933444,0.1042208,0,1
1237648721219616899,154.54904278762,-0.149462427123544,19.66212,16.8167,0.2082833,0.1122735,0,1
1237654669200326940,153.725617382003,-0.794525735434848,19.03679,16.22768,0.1772855,0.0955644,0,1
1237654669200392249,153.829851447807,-0.793914478982339,18.86634,15.96808,0.1840365,0.09920345,0,1
1237654669737328803,153.969482262237,-0.403454519340059,17.19869,14.44261,0.1661213,0.0895464,0,1
1237654669200326841,153.642808163615,-0.836987607016603,18.31297,15.60907,0.1753359,0.09451345,0,1
1237648721219158226,153.598342437983,-0.0777016788066221,20.90475,17.61779,0.1334478,0.07193398,0,1
1237651800161910828,153.546789197024,-0.723404778611687,20.97885,17.17301,0.1656693,0.08930277,0,1
1237651801772654601,153.90663804028,0.5253241650585,17.60229,15.23841,0.1606194,0.08658066,0,1
1237648721219158109,153.496121934502,-0.081581071761015,18.19757,15.2085,0.1353082,0.07293684,0,1
1237654670274199742,153.968751331479,0.0883302902475186,18.41066,15.49419,0.1506226,0.08119194,0,1
1237651801772916880,154.432148876405,0.540587674636055,20.28031,17.13816,0.1576033,0.08495484,0,1
1237651801236045997,154.506527762337,0.141576584730708,18.32238,15.68983,0.1894542,0.1021238,0,1
1237648721756422300,154.447801740515,0.330293985337875,19.01701,16.27478,0.1679033,0.09050695,0,1
1237648721756553394,154.73529782761,0.410194845895448,21.25325,17.66721,0.1924147,0.1037197,0,1
1237648721756553466,154.822978892383,0.344424492774279,18.80332,16.16043,0.1843698,0.09938312,0,1
1237648721756618976,154.908087824655,0.33215170471287,18.3717,15.4056,0.1806792,0.0973937,0,1
1237648721756619018,154.937678974578,0.324935572345095,19.72838,16.99661,0.1779028,0.09589711,0,1
1237648722293555444,155.102334194508,0.757079200873676,19.70074,17.59197,0.1843603,0.09937797,0,1
1237648721756881164,155.542286109741,0.406026003987521,18.17734,15.29034,0.2032964,0.1095853,0,1
1237648721756881221,155.57274367495,0.358678038518987,18.81015,16.05296,0.1978728,0.1066618,0,1
1237648721756946608,155.59600246696,0.338848608790204,19.37884,16.34432,0.1941362,0.1046476,0,1
1237648720683991384,157.381594601476,-0.479554595944108,20.72198,18.01945,0.2625831,0.1415434,0,1
1237648721220796584,157.303265335152,-0.11072640780135,19.18276,15.86113,0.2597132,0.1399964,0,1
1237648720683663442,156.7274604772,-0.541496287023398,17.07648,14.69111,0.2802057,0.1510427,0,1
1237648720683598094,156.481361821481,-0.442712549378095,20.09989,17.28784,0.3321925,0.1790658,0,1
1237648720683466951,156.288048534722,-0.565321009506532,19.24095,16.40477,0.2643274,0.1424837,0,1
1237648720683466898,156.230941879572,-0.465149263525052,20.71179,17.28565,0.3462945,0.1866674,0,1
1237651800699830385,155.898132101008,-0.221525807410446,17.7926,15.09903,0.2781422,0.1499304,0,1
1237648721220141175,155.775335174864,-0.200854309052414,19.48867,16.37748,0.2475042,0.1334152,0,1
1237648720146071815,155.098337286971,-0.861837027723311,18.90091,16.12752,0.2078959,0.1120647,0,1
1237648722830491854,155.282374698594,1.24444793967043,20.85309,17.1522,0.2415228,0.130191,0,1
1237651801773179000,154.980704913492,0.545440880493321,18.88891,16.2748,0.1792837,0.09664149,0,1
1237648722293620932,155.269534235416,0.682412752562318,20.35938,17.449,0.190139,0.102493,0,1
1237654670811660474,155.301536285111,0.419903295056465,20.63854,17.80018,0.1942078,0.1046862,0,1
1237648721757012161,155.81914899218,0.221770617640987,20.75685,17.61617,0.1865623,0.100565,0,1
1237648722830950599,156.311205833035,1.24868942456529,18.98683,16.14917,0.2425608,0.1307505,0,1
1237648721757012168,155.843577967982,0.395004445045927,19.1579,16.21373,0.1931361,0.1041085,0,1
1237651801236701478,155.916487783601,0.132633792046382,19.75653,17.28629,0.1981217,0.106796,0,1
1237651801236701418,155.88374668347,0.173723863235578,18.39875,15.37912,0.1945432,0.104867,0,1
1237654670812250127,156.609511188065,0.460730465794265,19.19983,16.11726,0.230402,0.1241964,0,1
1237651801773834365,156.524330948655,0.570248868185051,18.92833,16.16213,0.2180913,0.1175604,0,1
1237654670812184805,156.589456535779,0.488229777706611,18.79142,15.56672,0.2241664,0.1208352,0,1
1237654671349055633,156.538481835825,0.926488818731713,20.40652,17.49711,0.1962169,0.1057692,0,1
1237651801237028985,156.669560501931,0.146552254312457,20.72569,17.75124,0.2548375,0.1373682,0,1
1237651752389705899,157.124527697163,0.983523197444947,20.70139,17.82324,0.2221878,0.1197686,0,1
1237654671349383336,157.200985112542,0.86799786393035,20.57199,17.87012,0.2516614,0.1356561,0,1
1237648722294341801,156.808512179,0.818741982425562,18.73191,16.52329,0.2324359,0.1252928,0,1
1237654670812381294,156.971159441082,0.443218182345227,20.97157,17.89874,0.309425,0.1667931,0,1
1237648721221714070,159.376782974051,-0.202209816895101,20.99062,17.73261,0.3139098,0.1692106,0,1
1237654669202489478,158.605834210338,-0.833439775728091,21.91911,17.64363,0.2761659,0.1488651,0,1
1237654669202423936,158.490518794438,-0.732594526574641,19.80457,16.98362,0.279768,0.1508068,0,1
1237654669739491406,158.870938836877,-0.399783031202932,18.65538,15.84001,0.3173553,0.1710679,0,1
1237648720684646636,159.023415821558,-0.518842759580245,17.89708,15.32682,0.3061386,0.1650216,0,1
1237654669739491458,158.956150225276,-0.239018738026403,18.1487,16.18339,0.3290456,0.1773695,0,1
1237648720147251400,157.696972663201,-0.924022632807291,18.24198,15.50415,0.2590119,0.1396184,0,1
1237654669202096355,157.779593179696,-0.755978491669505,20.38962,17.37953,0.28579,0.1540529,0,1
1237648721220993172,157.741756432013,-0.092597113652518,20.02837,17.11737,0.2592421,0.1397425,0,1
1237654669202030843,157.527758063499,-0.838972352774084,20.05388,17.39382,0.2585086,0.139347,0,1
1237648720683925758,157.350756185049,-0.448816875113085,19.62825,16.26909,0.2600351,0.1401699,0,1
1237648721220665440,156.9339788805,-0.125785255231156,19.89321,17.19426,0.2366627,0.1275712,0,1
1237654669738442974,156.507844484702,-0.413482629231621,21.88654,17.22229,0.3092574,0.1667028,0,1
1237648722294276350,156.666340195725,0.716006597772742,20.39986,16.76676,0.2240225,0.1207576,0,1
1237648722294276424,156.765032793999,0.699870899231553,19.05942,16.16979,0.2377168,0.1281394,0,1
1237648722294472925,157.225989052921,0.719538690256426,22.01759,17.24892,0.3007138,0.1620975,0,1
1237648722831474819,157.470420002925,1.14329826804146,20.40672,17.45905,0.2180511,0.1175388,0,1
1237648722294669535,157.671742576526,0.788167452406882,20.50288,17.69765,0.2736022,0.1474831,0,1
1237648722294866111,158.056973521106,0.709313994636239,18.58485,15.95247,0.2749178,0.1481923,0,1
1237648721757929638,157.931151948472,0.255964395801443,18.34577,15.52184,0.2672519,0.1440601,0,1
1237654670812774526,157.816550541404,0.468757155701579,19.55488,17.11928,0.2714745,0.1463362,0,1
1237654670812840148,158.07608528232,0.613348417032014,20.78274,17.56471,0.27426,0.1478377,0,1
1237654670812905613,158.139387821608,0.531388911878707,19.24976,16.44991,0.2752051,0.1483472,0,1
1237648721758191792,158.481085548832,0.395857627051642,20.14334,17.55138,0.2910514,0.156889,0,1
1237654670813036633,158.43027861584,0.545925303709333,20.97894,17.77607,0.283244,0.1526805,0,1
1237651752390230161,158.391649024323,1.01167013117056,19.0557,16.57206,0.2529899,0.1363722,0,1
1237654670276231299,158.591554632923,0.155652520651732,19.68256,16.93051,0.3023487,0.1629787,0,1
1237654670276231328,158.621906911732,0.0681697765748604,20.33594,17.00484,0.3060267,0.1649613,0,1
1237654670276165903,158.516309305878,0.0565980852606377,20.25962,16.93652,0.2984463,0.1608752,0,1
1237654670813167710,158.752652406244,0.594177527083555,19.42234,16.33324,0.2777158,0.1497006,0,1
1237648722295128122,158.710756310182,0.676398786120288,17.02656,14.5306,0.2660464,0.1434103,0,1
1237654670276427952,159.024027325387,0.101890384035634,17.9726,15.08284,0.3259496,0.1757006,0,1
1237654669740474499,161.206864881138,-0.25019403935975,20.12652,16.8567,0.1830012,0.09864537,0,1
1237654669740474440,161.094751066875,-0.29765919182201,20.7386,16.79243,0.1834952,0.09891165,0,1
1237648720148299897,160.144321888775,-0.909414057564798,17.46956,15.02708,0.2186465,0.1178597,0,1
1237654668666339531,160.235081345394,-1.06631179129065,19.60475,16.8482,0.2370128,0.1277599,0,1
1237654669203210391,160.257337223909,-0.746360280588017,21.19341,17.28441,0.211461,0.1139864,0,1
1237648721222238437,160.600820688001,-0.138124773582026,18.80665,16.26035,0.2173535,0.1171627,0,1
1237654669203275901,160.40786108238,-0.643146427713632,19.76531,16.83477,0.2060533,0.1110714,0,1
1237648720685301855,160.383115087355,-0.459235230744618,19.273,16.31625,0.2063044,0.1112068,0,1
1237654669740015748,160.170387104073,-0.317820502613709,19.44238,16.82366,0.2027591,0.1092957,0,1
1237654669203275865,160.371198936441,-0.633341835750179,21.49358,16.58156,0.2062145,0.1111583,0,1
1237654669203013642,159.78892393039,-0.787741756931969,18.32289,15.56127,0.2193968,0.1182641,0,1
1237648721221910580,159.835214457552,-0.200241896044308,15.44588,12.7862,0.2338634,0.1260622,0,1
1237648720147972302,159.416350987729,-0.870080847743536,20.45118,17.88678,0.2538433,0.1368323,0,1
1237654669202817257,159.406895311189,-0.674303785160012,21.30967,17.6756,0.2676055,0.1442507,0,1
1237654669202817275,159.430584840074,-0.654683015019284,19.30059,16.13721,0.265487,0.1431087,0,1
1237648722832130213,158.975340721175,1.09794561757982,20.03996,17.30039,0.2075286,0.1118667,0,1
1237648722295455879,159.338822144736,0.830695949062225,20.26981,16.43496,0.2303982,0.1241944,0,1
1237654670813560960,159.639747811488,0.451424851987645,22.62062,17.65483,0.2741741,0.1477914,0,1
1237654670813692051,159.959516536292,0.426360568813449,20.02843,17.03735,0.2606231,0.1404869,0,1
1237654670276755657,159.818323538556,0.101109560765046,18.56348,16.02944,0.2428121,0.130886,0,1
1237654670813692096,160.029581147047,0.443095487278838,19.6084,16.56931,0.2646819,0.1426747,0,1
1237648722295718111,160.020059868638,0.764686113730729,19.63112,16.56227,0.2648537,0.1427673,0,1
1237648721758978292,160.341951154547,0.268305800412371,19.90866,17.60649,0.2355197,0.1269551,0,1
1237654671350890575,160.760707708175,0.905079202616126,19.13471,16.03941,0.207068,0.1116184,0,1
1237654671350890694,160.686063400336,0.873200825702203,21.18133,17.68695,0.2146315,0.1156954,0,1
1237654670814019802,160.7520719536,0.593762440819944,21.05822,17.59394,0.2322462,0.1251905,0,1
1237648722296045766,160.785334565083,0.82579050417805,20.45521,17.8503,0.2074369,0.1118173,0,1
1237654670277214480,160.839999243821,0.110336683137038,19.94329,16.86566,0.2307336,0.1243751,0,1
1237648722832851117,160.594683214574,1.12635046315155,17.67298,15.09063,0.1991425,0.1073462,0,1
1237648721223221395,162.80641659768,-0.11361985297406,18.99832,16.31675,0.1982385,0.1068589,0,1
1237648721223024679,162.351209166411,-0.107553464761894,19.45852,16.66784,0.177798,0.09584067,0,1
1237648721223090412,162.586248395473,-0.148397244126739,18.72376,16.0328,0.1781093,0.09600842,0,1
1237648721222959300,162.218773126171,-0.0398198676115771,20.38762,17.51921,0.1730896,0.09330262,0,1
1237648721222959267,162.190039597156,-0.00851939584446602,20.13181,16.86501,0.1713655,0.09237326,0,1
1237654669203865673,161.695982959728,-0.830715989666865,20.05474,17.49591,0.1646612,0.08875936,0,1
1237648721222893744,162.15154705959,-0.164335929668542,19.46058,16.56771,0.1703376,0.09181918,0,1
1237648720685891767,161.83748741307,-0.501006484393226,20.78758,17.52848,0.1679746,0.0905454,0,1
1237648721222762644,161.767075109069,-0.091987528550594,19.24873,16.72628,0.1638671,0.08833129,0,1
1237654669740540080,161.377027669772,-0.257924030784374,17.93796,15.55507,0.1796917,0.09686141,0,1
1237654669740671012,161.60663314142,-0.385545404565866,18.92675,16.20868,0.1735843,0.09356926,0,1
1237654669740539977,161.235390341481,-0.347245501147722,19.81504,17.55689,0.1822809,0.09825712,0,1
1237648721222566057,161.349784555299,-0.173936761073749,21.1682,17.79851,0.1869695,0.1007845,0,1
1237648720148627480,160.894755880626,-0.934242138249599,17.25419,14.24997,0.2060282,0.1110579,0,1
1237648720685236327,160.248668673739,-0.5799923607078,18.93709,16.16986,0.2043179,0.110136,0,1
1237654670276886908,160.129200613267,0.0580043695150335,21.50213,17.73263,0.2253577,0.1214773,0,1
1237648722833047691,160.990530112297,1.10497204328504,19.36267,16.52999,0.1879618,0.1013194,0,1
1237654671351021670,160.972333309133,1.00802281162735,20.69848,16.36472,0.1910352,0.102976,0,1
1237654671351021733,161.035722961686,1.01662718900041,19.35293,16.61229,0.1894334,0.1021126,0,1
1237654671351021762,161.067673178794,0.858500471217474,19.49655,17.17859,0.1917476,0.1033601,0,1
1237654670814281934,161.24161049028,0.481064439608138,19.04825,16.03298,0.1994956,0.1075365,0,1
1237654670814281736,161.246453768052,0.577583485306447,18.98557,16.18482,0.1918767,0.1034296,0,1
1237648721759240426,160.904756732646,0.268042687906588,18.38316,15.53547,0.2311551,0.1246024,0,1
1237648721759437011,161.386517296325,0.291949895887928,18.92481,16.51995,0.1889724,0.1018641,0,1
1237648722296307855,161.321936167204,0.647214413099235,18.63149,15.98429,0.1839642,0.09916449,0,1
1237654670814347506,161.476477946064,0.602401231889411,18.8298,15.59434,0.1785107,0.0962248,0,1
1237648722296569979,161.910049357133,0.742932834246179,18.12407,15.54376,0.1918515,0.103416,0,1
1237648721759568035,161.680476236843,0.375618874247459,18.60767,15.67065,0.1779338,0.09591385,0,1
1237648722833506478,162.134326508055,1.1401176129462,20.36408,17.68411,0.1998768,0.107742,0,1
1237654671351480441,162.04113491689,0.954698318437929,20.149,17.11932,0.1956986,0.1054898,0,1
1237648721759830130,162.306278630803,0.246619630163251,19.88313,16.75682,0.1725687,0.09302181,0,1
1237648721759895794,162.35164861906,0.231993376869656,17.26589,14.87043,0.1718516,0.0926353,0,1
1237648721759961394,162.546699244961,0.217212541906535,19.7969,16.41534,0.1764786,0.09512944,0,1
1237648722296832101,162.589439602368,0.709420051618635,18.90773,16.59388,0.2025445,0.1091801,0,1
1237648721224007833,164.68468111506,-0.0601667372918451,20.33623,17.72799,0.1697129,0.09148242,0,1
1237648721223745624,163.966311815918,-0.0964159962305598,18.83316,16.17528,0.1781258,0.09601733,0,1
1237648720149545106,163.062059758085,-0.955492719547843,18.39918,15.69219,0.2457519,0.1324706,0,1
1237674648847450200,162.900580449309,-1.08787830975595,16.8119,14.20637,0.2338212,0.1260395,0,1
1237648720149217569,162.289475016657,-0.908548804887083,18.34749,15.94427,0.1891879,0.1019803,0,1
1237648720149414019,162.652056181797,-0.923054037209305,19.45913,16.67492,0.2369905,0.1277479,0,1
1237674649384124427,162.338072568807,-0.668071639053065,16.27503,13.58424,0.1760654,0.09490669,0,1
1237648722833637499,162.398139885382,1.06862007692951,18.16205,15.91684,0.2129225,0.1147742,0,1
1237648722833637550,162.439618483568,1.12964092265572,18.91739,15.70689,0.2135752,0.1151261,0,1
1237648721759764592,162.033442515537,0.380535535878476,18.66088,15.83864,0.176562,0.09517439,0,1
1237648721759895673,162.421523252092,0.363098735460857,16.59912,13.83551,0.1768341,0.09532104,0,1
1237674651531870420,163.041567224482,0.892614010000773,18.90204,15.96003,0.1987922,0.1071574,0,1
1237648721760026732,162.65338603909,0.37120209662549,20.47899,17.49953,0.1860261,0.1002759,0,1
1237648721759961197,162.525717889481,0.333248799031144,18.50322,15.7358,0.1768135,0.09530995,0,1
1237674650457931866,162.541382399221,0.137604954746431,18.82929,16.12176,0.1774977,0.09567874,0,1
1237648721759961111,162.495232384201,0.322301335705413,16.44115,13.66741,0.1756068,0.09465948,0,1
1237648721760288813,163.276665759981,0.264635056313492,19.66509,16.54973,0.1808987,0.09751207,0,1
1237648722834227236,163.706571931332,1.16309170622207,21.01364,17.71262,0.1624154,0.08754877,0,1
1237648721760813307,164.499831405602,0.384770121749771,19.96836,16.89114,0.2178141,0.117411,0,1
1237648722297618511,164.344628596526,0.661624716077142,18.52437,16.16379,0.2040366,0.1099844,0,1
1237648721760813192,164.524938895196,0.412152275535606,17.85318,15.61072,0.2209739,0.1191143,0,1
1237648721760878739,164.645629835295,0.292387597907842,18.3812,15.72507,0.1953471,0.1053003,0,1
1237674649922764809,166.408223219318,-0.217414722129612,17.4067,14.8165,0.1905869,0.1027344,0,1
1237648720150724924,165.709565292979,-0.995511776521537,21.70303,17.71176,0.1920945,0.1035471,0,1
1237674649385828505,166.271958805085,-0.78037273612458,19.68392,17.29406,0.1920402,0.1035178,0,1
1237674649385762901,166.133275116737,-0.730497261026548,17.46505,15.27498,0.1678719,0.09049007,0,1
1237648720687726793,165.958709103195,-0.601674882726756,18.21391,15.39559,0.1593022,0.08587063,0,1
1237674648848564366,165.341713279914,-1.14025426613465,17.96517,14.99629,0.1878184,0.101242,0,1
1237674649922371770,165.603411221466,-0.419260122898439,21.00807,17.50481,0.1333303,0.07187065,0,1
1237674649922437276,165.638712101922,-0.291019275045744,17.48839,15.32216,0.1365599,0.07361157,0,1
1237648720687530118,165.549220507207,-0.544389852319722,20.64735,17.54753,0.1383883,0.07459714,0,1
1237648721224401255,165.596666622933,-0.184014933768165,21.51548,17.80364,0.1403269,0.07564213,0,1
1237648720150462646,165.071618996112,-0.974593471349519,20.68678,17.85763,0.1783799,0.09615432,0,1
1237648720150462633,165.067193333654,-0.868155341718253,20.22762,16.77462,0.1945506,0.104871,0,1
1237674649385435161,165.363394909009,-0.718315984020429,17.5199,14.64284,0.1751904,0.09443501,0,1
1237648720150396962,164.870380338078,-1.02743367458304,19.44714,16.50223,0.1733616,0.09344925,0,1
1237648720687333542,165.063647357444,-0.443820243668869,21.55164,17.72889,0.1815679,0.09787276,0,1
1237648721223745639,163.984972203804,-0.157523109591832,19.60773,16.54592,0.1716562,0.09252992,0,1
1237648722297553078,164.230768113096,0.76672275496641,19.26509,16.4184,0.1866094,0.1005904,0,1
1237674650995589210,164.325744633539,0.52349089816366,21.10608,17.86019,0.2305024,0.1242505,0,1
1237648722834686048,164.824374773697,1.153473536349,16.71096,14.16474,0.1328766,0.07162609,0,1
1237674651533049970,165.637760257425,0.992736600901567,18.94703,16.32469,0.1324838,0.07141439,0,1
1237648722834882675,165.257514402483,1.09649967854382,19.56244,16.88784,0.1212331,0.06534974,0,1
1237674651532853399,165.310081277997,0.889168745516506,20.4914,17.69144,0.1171807,0.06316534,0,1
1237648721761271932,165.48139749058,0.305420524905367,20.83697,17.75501,0.125695,0.06775491,0,1
1237674651533050077,165.727165921012,0.903026042968228,20.04807,17.75913,0.1309313,0.07057752,0,1
1237674651533115508,165.831992272861,1.03469136083901,18.97198,16.3905,0.1609099,0.08673725,0,1
1237648722835210472,166.039140634,1.23200964340782,21.54829,17.7709,0.2961702,0.1596483,0,1
1237648721761796219,166.69300843528,0.256691205846062,18.20721,15.57306,0.1861631,0.1003498,0,1
1237648721761730742,166.592796476344,0.377249172527717,18.23245,15.54755,0.1813452,0.09775271,0,1
1237648721225646323,168.427187519771,-0.132116169791617,19.3127,16.32716,0.1952331,0.1052389,0,1
1237674649923682457,168.477834777803,-0.265450176222709,19.32423,16.29664,0.1624361,0.08755989,0,1
1237674649386221814,167.257243741086,-0.816725127246363,18.29022,15.72765,0.1545854,0.08332809,0,1
1237648720151445521,167.311732929282,-0.927930728123985,17.91746,15.34085,0.1405874,0.07578257,0,1
1237648720688447635,167.628638549746,-0.479376843863649,20.39618,17.06628,0.1684178,0.0907843,0,1
1237648720688382139,167.486705840159,-0.574241105227104,18.52471,16.02641,0.1554981,0.08382004,0,1
1237674649386287282,167.385241463075,-0.684351546687061,18.15726,15.60561,0.1587288,0.08556152,0,1
1237648720688316660,167.354872151995,-0.517145978354859,20.73116,17.66739,0.1458929,0.07864244,0,1
1237674649923158181,167.310113041484,-0.240054601900944,19.2655,16.67493,0.1963925,0.1058639,0,1
1237674649923027076,167.066780712341,-0.265880325591645,19.48901,16.92741,0.236462,0.127463,0,1
1237648721225056484,167.045195278363,-0.0831906121388126,18.88439,16.03045,0.1947357,0.1049708,0,1
1237648721225122013,167.251436112646,-0.115695132706552,19.52231,16.66955,0.1784677,0.09620161,0,1
1237648720151183582,166.713091929278,-0.998871966703799,18.56987,15.84469,0.190818,0.102859,0,1
1237648720151183470,166.697789875347,-0.924148490427942,17.40003,14.88691,0.186773,0.1006786,0,1
1237648721224990826,166.905730619348,-0.0272432002562754,17.80479,14.93221,0.2104754,0.1134551,0,1
1237648720688120088,166.875472534794,-0.462887676159444,20.96068,17.38495,0.2181316,0.1175821,0,1
1237648722835406994,166.432652116354,1.22410367511688,20.06078,16.93255,0.2393981,0.1290457,0,1
1237674651533443189,166.612847827781,0.977487184896682,19.66891,16.39516,0.1986677,0.1070903,0,1
1237674651533508793,166.727037234991,0.994746532909823,20.96166,18.02003,0.1949236,0.1050721,0,1
1237648722298798367,167.090436437893,0.822695915770057,18.60283,15.71178,0.1373091,0.07401543,0,1
1237648722298798320,167.047963454647,0.822999709141268,19.70676,16.78827,0.1388727,0.07485825,0,1
1237648722298798203,167.066695855154,0.802416963728975,22.17396,18.47621,0.1366089,0.07363797,0,1
1237674650459898060,167.057961158751,0.0639824513299986,20.31081,17.79769,0.1760494,0.09489804,0,1
1237648721762189458,167.58587765003,0.285728524911592,19.99398,16.91023,0.155966,0.08407228,0,1
1237674650460094629,167.554323325695,0.210104380884684,19.6243,17.13618,0.1427823,0.07696568,0,1
1237648721762058443,167.367031703212,0.366576594088045,20.02957,17.26053,0.1676698,0.09038112,0,1
1237674651534032991,167.881769302998,0.891494080551711,19.4223,16.98475,0.1477352,0.07963552,0,1
1237674649387335811,169.716849169696,-0.721390633786651,20.43851,17.48302,0.1978769,0.106664,0,1
1237648720152232183,169.123435567172,-0.911137120043987,18.64617,15.83763,0.2192733,0.1181976,0,1
1237648720152231990,169.141792698351,-1.02802909064912,18.07407,15.41218,0.22808,0.1229447,0,1
1237674648850137233,168.948657513492,-1.10953654424748,21.10937,17.24381,0.2223351,0.119848,0,1
1237648720688971983,168.868797245219,-0.463312440218098,18.35375,16.03181,0.2571597,0.13862,0,1
1237648720152101088,168.793173663335,-1.03384592581326,19.74889,16.80288,0.2053434,0.1106888,0,1
1237648720151969964,168.476991504563,-0.955143653865762,20.7148,17.36574,0.1700074,0.09164118,0,1
1237648721225515275,168.067293490115,-0.0769140578776647,20.35866,17.64452,0.1525189,0.08221415,0,1
1237648722836127783,168.072309402589,1.08332689943375,18.33444,15.61386,0.1525807,0.08224745,0,1
1237648722836259003,168.376372672615,1.14684041818463,21.33065,17.75213,0.1341093,0.0722906,0,1
1237674651534426266,168.885107600215,0.884816919118243,18.55344,15.53738,0.1761441,0.0949491,0,1
1237648721762648208,168.692125181854,0.28926054440186,19.93326,17.05396,0.2407513,0.1297752,0,1
1237648721762648221,168.7012077332,0.394290346765727,20.60754,17.85782,0.1924298,0.1037278,0,1
1237648721762713833,168.795282636037,0.394332488196002,21.25813,17.74598,0.182514,0.09838277,0,1
1237648721762713754,168.829766098553,0.385537864849445,19.51783,16.35258,0.1821316,0.09817664,0,1
1237648721762910385,169.327534591133,0.328373143096675,19.17042,16.18982,0.1597391,0.08610612,0,1
1237648721763303647,170.205412930992,0.39017172685771,17.45379,14.99159,0.1696967,0.09147368,0,1
1237648720153149538,171.154415403922,-0.991867306092067,16.87963,14.24877,0.1588619,0.08563328,0,1
1237648720689692889,170.441639355126,-0.422159278915183,19.14603,16.73449,0.1679475,0.09053083,0,1
1237674649924665441,170.760156020976,-0.228786660591502,20.04509,16.99477,0.1378204,0.07429104,0,1
1237674650461602024,170.98311884985,0.00509506975536702,20.1369,16.76999,0.1392727,0.07507387,0,1
1237674649924599919,170.597399795702,-0.361863759481853,19.45647,17.67613,0.1607451,0.0866484,0,1
1237648704571506871,170.716667639823,0.0333982863558649,20.35616,17.19958,0.1356687,0.07313115,0,1
1237648721226498210,170.331386025294,-0.00124323997063866,19.59097,16.82052,0.1367922,0.0737368,0,1
1237648721763041373,169.649253730233,0.419761410220545,16.55699,15.20102,0.1514011,0.08161162,0,1
1237648722300240056,170.302873052292,0.78776465572899,21.19213,17.25234,0.1392736,0.07507437,0,1
1237648721763238113,170.022626025445,0.276113645922075,17.95878,15.41937,0.1677031,0.09039906,0,1
1237648722300371192,170.672676964915,0.651772288428609,18.44347,15.65177,0.1306701,0.07043669,0,1
1237648721763696835,171.001850982756,0.411712942987373,21.3327,17.56884,0.1404635,0.07571578,0,1
1237674651535671539,171.71181861695,0.86911005876628,19.28276,16.23131,0.1066896,0.05751021,0,1
1237648720690872460,173.111354855013,-0.471983356843654,19.85489,16.95431,0.1011783,0.05453941,0,1
1237674650462191936,172.250949041242,0.0274991795401472,20.3581,17.71793,0.09045197,0.04875744,0,1
1237648721227022370,171.487427584485,-0.0840739165517377,19.65497,16.20461,0.1220847,0.06580882,0,1
1237648721226891421,171.220626481942,-0.203522436938808,19.56046,16.84326,0.1233782,0.06650606,0,1
1237648720153280843,171.553381635155,-0.858549126129249,21.06917,17.72054,0.1178742,0.06353921,0,1
1237648720153280822,171.591166971443,-0.942335265016668,19.20991,16.36543,0.1195998,0.06446937,0,1
1237674650461602035,170.996306214269,0.0926245685469488,21.2096,17.41801,0.1466422,0.07904635,0,1
1237674650461601990,170.959323601843,0.0786378182593639,18.13542,15.47199,0.146018,0.07870989,0,1
1237648721226694756,170.728651599043,-0.202200142752428,18.53195,16.04398,0.1420073,0.07654793,0,1
1237654670281539736,170.763509538314,0.0574588118665976,17.67702,14.92645,0.14193,0.07650628,0,1
1237648721763631266,170.892186025234,0.326877592674602,19.63222,16.53632,0.1538299,0.08292079,0,1
1237648721763696932,171.122636056263,0.256814481722152,20.15922,17.51857,0.1354899,0.07303476,0,1
1237648721763958962,171.681848994612,0.250362170632893,20.3731,17.25589,0.1339774,0.07221948,0,1
1237674650998735063,171.61086086469,0.605712923886815,21.15421,17.81034,0.1201393,0.06476016,0,1
1237648721764090040,171.958463036839,0.2140693827176,19.26709,16.31621,0.1308963,0.07055865,0,1
1237648721764221085,172.275983584692,0.281408581577464,19.50285,16.44517,0.09719937,0.05239457,0,1
1237648722301157654,172.410696864431,0.649120245477123,20.81072,17.28157,0.1197091,0.06452824,0,1
1237648722838093882,172.517304332395,1.14188653183874,20.84842,17.52104,0.1101556,0.05937851,0,1
1237674650999193767,172.622204531017,0.494317150292861,17.05617,14.69734,0.1268571,0.06838136,0,1
1237674651536064694,172.589243596017,0.973073749485965,18.46368,16.36773,0.09594418,0.05171797,0,1
1237648722838159593,172.768503658204,1.16333637203092,20.50072,17.6241,0.08798859,0.04742957,0,1
1237648722838159557,172.72747515201,1.10390368201378,21.2687,17.61297,0.08796159,0.04741501,0,1
1237674651536130171,172.679389311871,0.839532144352996,18.77989,15.96392,0.1116047,0.06015965,0,1
1237674650999390424,173.070053284644,0.608417102887309,18.89662,17.04333,0.1197689,0.06456051,0,1
1237648720154788105,174.948444612527,-0.843940649075255,18.19817,15.53729,0.05996138,0.03232172,0,1
1237648720154525800,174.413886416566,-0.970667937656829,20.27264,17.36545,0.08138833,0.04387175,0,1
1237648720154525836,174.364430868105,-0.846566572369097,17.51923,14.57617,0.07988407,0.04306089,0,1
1237648720154525835,174.326211863329,-0.865728511699884,17.67525,15.04677,0.08219492,0.04430654,0,1
1237648720154067131,173.344882434236,-1.03913749326257,20.00106,17.77793,0.07998525,0.04311543,0,1
1237648720153935941,173.038481895164,-0.942584515410126,17.20059,14.53332,0.1039917,0.05605592,0,1
1237648722301419768,172.980020280043,0.683262203060557,19.50439,16.63808,0.1251442,0.06745801,0,1
1237674651536326851,173.24477116808,0.924564194223308,19.12903,16.35052,0.1152074,0.06210164,0,1
1237674651536457861,173.442054143148,1.01222653311876,20.02959,17.35021,0.1151939,0.06209435,0,1
1237674650999587074,173.507313156266,0.441246886198688,20.63677,17.71518,0.09719558,0.05239253,0,1
1237648721764810864,173.577990875316,0.294059567295278,19.28426,17.19513,0.08094737,0.04363406,0,1
1237674650462781584,173.659870237284,0.188664731265589,18.12263,15.86377,0.08212856,0.04427077,0,1
1237648721764810869,173.585442852026,0.315672532698242,18.33604,15.45927,0.08251626,0.04447975,0,1
1237674650462847186,173.84700706843,0.0905664056419197,17.73674,15.32658,0.1019241,0.05494141,0,1
1237648721228136659,174.012152617768,-0.015144471829794,21.94487,17.73424,0.1018036,0.05487646,0,1
1237648721228136559,174.030018895811,-0.0201854427090673,24.00759,17.45534,0.1019069,0.05493212,0,1
1237648721228136608,174.095192426882,-0.0515455267884817,21.68263,17.7792,0.105103,0.05665497,0,1
1237674651536851079,174.439946466783,0.990489771030298,17.90973,15.67475,0.119448,0.06438754,0,1
1237648721765204124,174.557522856848,0.35280125253645,19.04184,16.11151,0.08406804,0.04531622,0,1
1237671127514808500,176.76635955195,-0.929908119704421,19.48331,16.20649,0.08857696,0.04774673,0,1
1237671127515201683,177.175957989537,-0.278731378218241,18.40628,15.77095,0.1029846,0.05551304,0,1
1237671140406985062,176.392047592333,-0.905915501880838,20.03771,17.63042,0.09242768,0.04982243,0,1
1237671140406984964,176.471132514206,-0.879787838228006,20.14797,17.00361,0.0901149,0.04857574,0,1
1237671127515005048,176.92816477473,-0.628884304105209,18.97687,16.106,0.1244786,0.06709925,0,1
1237674648853283012,176.201628139789,-1.15848584472748,18.39644,16.24015,0.07917419,0.04267824,0,1
1237671128051613994,176.190161620533,-0.927412926300374,21.3635,17.11817,0.07888962,0.04252484,0,1
1237671128051548354,176.170608980824,-0.953487519148236,18.4229,15.79958,0.0794438,0.04282357,0,1
1237671140943921415,176.274484129599,-0.593224187367989,20.94365,17.33002,0.08736161,0.0470916,0,1
1237671140944052439,176.316672259615,-0.198810190056569,18.5917,15.77904,0.08570885,0.04620069,0,1
1237674648853282929,176.141869962664,-1.1390519222099,18.48032,15.69243,0.0770964,0.04155822,0,1
1237671128588288267,175.659657007155,-0.994754573384082,20.18502,17.60156,0.0762739,0.04111485,0,1
1237671129125355615,175.444726993015,-0.518042435502399,17.98688,15.54354,0.08630563,0.04652239,0,1
1237671129125290167,175.395768301616,-0.599664192417348,19.34047,16.70677,0.08321909,0.04485861,0,1
1237674651537178831,175.104097011697,1.0223045248848,18.74515,16.08921,0.08638503,0.04656518,0,1
1237674651537178700,175.131881768049,0.853149946326634,18.91698,15.65127,0.08977682,0.0483935,0,1
1237671129662881864,175.778023233694,1.02099752741714,19.53423,16.55348,0.1028298,0.05542959,0,1
1237648722302664932,175.828303997326,0.747881740538141,19.76849,17.0192,0.1140156,0.06145921,0,1
1237648721765859570,175.955085155612,0.367958204157577,21.14902,17.68964,0.1163355,0.06270974,0,1
1237674650463961301,176.365704376334,0.155017497658608,19.70899,16.92199,0.1215254,0.06550734,0,1
1237671140944380154,176.631638424906,0.425485774837931,19.24271,16.53154,0.1377668,0.0742621,0,1
1237671142018187470,176.047227916607,0.922507655500451,20.22894,17.46584,0.1083213,0.05838978,0,1
1237671128052334718,177.009953682327,0.51872302709704,20.50089,17.28772,0.1274447,0.06869808,0,1
1237671140407640245,177.283939460187,0.357858173693367,20.99742,17.54213,0.131145,0.07069272,0,1
1237651801770623128,149.171916395408,0.598785220472597,19.19655,17.30013,0.1161394,0.06260405,1,0
1237651801233752151,149.159045878366,0.153151174649058,19.43499,17.33212,0.1325024,0.07142437,1,0
1237648722290933840,149.121645802445,0.708909829273537,19.24044,16.54194,0.1142711,0.06159696,1,0
1237648722291065049,149.337680253215,0.814933790542812,18.9722,17.27532,0.1243925,0.06705283,1,0
1237653663647924434,149.363038513039,0.985538275352369,19.8829,17.02707,0.1154487,0.06223174,1,0
1237648722291065035,149.329901571937,0.690806111396912,18.68024,17.06655,0.1572144,0.08474521,1,0
1237648722290999434,149.176182792982,0.757003834550747,19.23655,17.2497,0.1085301,0.05850231,1,0
1237648721754193956,149.34126239191,0.298863041617179,20.17326,17.37246,0.1283582,0.0691905,1,0
1237648721754128586,149.2502395133,0.274271482868813,19.0813,16.96742,0.1316396,0.07095928,1,0
1237648721754128598,149.257601999998,0.356504495269535,18.81853,16.97987,0.1354997,0.07304005,1,0
1237648722290999549,149.290014646301,0.668758403198695,19.2071,17.0954,0.1301882,0.07017694,1,0
1237648722291065018,149.30469399419,0.702185169661834,19.41736,17.41885,0.1494266,0.08054725,1,0
1237651801233817794,149.306847426158,0.198706307684171,18.69624,16.81462,0.1278223,0.06890161,1,0
1237651801233817797,149.309750260588,0.134999921730391,20.35781,17.74125,0.1206425,0.06503139,1,0
1237651752386298080,149.417175172975,0.959809065252825,19.85993,17.13435,0.1152341,0.06211603,1,0
1237648722828066950,149.62512436128,1.18198411596441,18.12437,16.12225,0.1093234,0.05892991,1,0
1237648722291130599,149.460856848344,0.795371630052729,21.01658,17.69988,0.1254872,0.06764289,1,0
1237651801770688747,149.36234964898,0.533101247892253,18.11729,16.09472,0.1149654,0.06197121,1,0
1237651801770754237,149.48871616987,0.555250510804378,19.81062,17.43258,0.1033648,0.05571798,1,0
1237648722291065136,149.430258049795,0.689940245360079,17.36595,15.34466,0.1405117,0.07574172,1,0
1237651801233883164,149.484284137053,0.206383653536543,18.62981,16.84952,0.1166954,0.06290374,1,0
1237648721754194216,149.412643551916,0.33257256895185,19.03304,16.67635,0.1215869,0.06554046,1,0
1237648721754259577,149.550640609984,0.237244856483283,17.47699,15.77221,0.1165599,0.0628307,1,0
1237648721754194200,149.394756246386,0.2386627428622,20.67317,17.39125,0.1192376,0.06427411,1,0
1237651801770819617,149.647363706583,0.569957248346321,19.03399,16.67993,0.1180503,0.06363411,1,0
1237648722291196052,149.64743966001,0.742781238311246,17.5701,15.59976,0.1106115,0.05962429,1,0
1237651801233948916,149.70776870297,0.161441306533142,19.10194,16.82126,0.1171464,0.06314686,1,0
1237648721754390765,149.868966506937,0.393162464128129,19.24135,17.57394,0.1012527,0.05457951,1,0
1237651801233948845,149.603609577517,0.161057503374731,19.19059,17.59667,0.1171868,0.06316865,1,0
1237651801770950802,149.915558434773,0.541044720846726,17.38089,15.25289,0.1064067,0.05735768,1,0
1237648721754456229,149.914951886889,0.332812384896593,19.89176,17.65158,0.1058529,0.05705917,1,0
1237651752386429147,149.718149269455,0.870522487640773,20.73285,17.7216,0.1054388,0.05683595,1,0
1237653663648121030,149.72234134998,1.02096776656958,20.54074,17.56249,0.1132393,0.0610408,1,0
1237648722291196120,149.707661138609,0.83672605822329,18.03791,16.1423,0.1053562,0.05679146,1,0
1237651752386429097,149.657303528551,0.870738911416265,18.32105,16.53913,0.1112877,0.05998876,1,0
1237648722291392551,150.101524252211,0.704590919788355,17.05254,14.22952,0.1046893,0.05643198,1,0
1237648721754521762,150.069631648709,0.275633916084563,18.76853,16.62166,0.1154659,0.062241,1,0
1237654670809366725,150.105272463825,0.498091942384777,18.78992,16.91489,0.1096111,0.059085,1,0
1237648722291327165,149.950164917967,0.780141388369683,18.92849,17.14113,0.09566859,0.05156941,1,0
1237651801771082110,150.311952846675,0.600686383895709,18.55871,17.09852,0.1085164,0.05849492,1,0
1237651801771081880,150.202600645362,0.59557284248564,19.41138,16.8265,0.1068056,0.05757276,1,0
1237648721754587493,150.298371122955,0.252925014518778,19.348,17.40378,0.1261136,0.06798055,1,0
1237648721754587405,150.257169611077,0.214620296439122,18.41771,16.64394,0.1292252,0.06965784,1,0
1237648721754587278,150.299495305541,0.329344571659545,16.47221,14.72249,0.1242384,0.06696975,1,0
1237648722291392727,150.053100117533,0.774197988636793,19.23714,17.3624,0.1013169,0.05461409,1,0
1237648722291458220,150.193563081703,0.782649321210007,19.32484,16.7413,0.1021114,0.05504237,1,0
1237648722291327170,149.956543587551,0.832322707683215,20.62199,17.6599,0.09236338,0.04978777,1,0
1237648721754718378,150.502604245584,0.330810162592772,18.60099,16.64118,0.1141642,0.06153934,1,0
1237651801234210980,150.318760550398,0.120926821782939,18.47331,16.29728,0.1342592,0.07237138,1,0
1237651801234276557,150.365572600578,0.155096922885142,18.40745,16.8807,0.1244639,0.06709129,1,0
1237651801234342050,150.485767971953,0.187789479787882,19.70154,17.52159,0.1244614,0.06708997,1,0
1237648720144564402,151.677086153567,-0.892613101979086,19.54053,17.52133,0.1630884,0.08791155,1,0
1237654669199343816,151.467575095175,-0.813252483220104,18.07637,15.74668,0.1677661,0.09043301,1,0
1237651800698061041,151.965794949683,-0.271948545217805,18.58087,16.29863,0.1176525,0.06341968,1,0
1237654670273347775,152.08124446341,0.0810719101957273,18.98165,17.18063,0.1321949,0.07125864,1,0
1237651801234997476,152.099427133798,0.109889750349295,19.77389,17.74226,0.1288331,0.06944647,1,0
1237651800161190059,151.936867760261,-0.635334475680828,18.83898,16.90833,0.1561145,0.08415234,1,0
1237648721218437304,151.932949095106,-0.139174766515777,18.99392,16.38843,0.1436844,0.07745196,1,0
1237651800698061129,151.936789814809,-0.222119572456266,19.00851,16.97804,0.1264574,0.06816588,1,0
1237651800698060980,151.833073480377,-0.307992608330967,19.00667,17.24688,0.129753,0.06994237,1,0
1237648720681500944,151.832744010337,-0.539727611005686,19.54599,17.32714,0.1324688,0.07140627,1,0
1237654669736345810,151.739147394833,-0.369661664439481,19.43601,17.59153,0.1392677,0.07507119,1,0
1237651800697995474,151.823816952129,-0.260429226652488,18.45654,16.67062,0.1366008,0.07363362,1,0
1237648721218371802,151.823099026824,-0.0786824675714199,18.52041,16.1475,0.1367055,0.07369005,1,0
1237648720681500888,151.765046880493,-0.619897899863151,19.05089,17.40274,0.1401371,0.0755398,1,0
1237654669199212762,151.161324723644,-0.813398038460594,19.40622,17.44104,0.2256898,0.1216564,1,0
1237648720144367860,151.219888130772,-0.9251091618673,19.24529,16.68326,0.200364,0.1080047,1,0
1237651800161059106,151.674134436181,-0.678703981317927,20.18105,17.82523,0.1452154,0.07827722,1,0
1237654670273151165,151.595451174593,0.069051328491688,19.82012,17.53773,0.148377,0.0799815,1,0
1237648720681304371,151.340401277278,-0.47178871516183,18.58008,16.9662,0.2065858,0.1113585,1,0
1237654670273085709,151.443636594138,0.019846093016091,19.72149,17.46964,0.1751044,0.09438869,1,0
1237651800697864450,151.528576076243,-0.215531145313892,18.5497,17.09789,0.1715703,0.09248364,1,0
1237648721218109642,151.220749066075,-0.05833497845554,17.50148,15.47291,0.1706087,0.09196533,1,0
1237654669736018142,151.008993083947,-0.342941390548717,18.96583,17.12942,0.1983581,0.1069234,1,0
1237654669736018114,150.98255732148,-0.40217640872471,18.76313,16.50373,0.2083029,0.112284,1,0
1237651800697733215,151.096321854047,-0.21302034908069,18.67738,16.70327,0.1701262,0.09170523,1,0
1237648720681173181,150.96998320019,-0.620946867170594,19.53449,17.64594,0.2230657,0.1202419,1,0
1237648721218044172,151.079262437309,-0.141301475029008,19.87194,17.60797,0.1444909,0.07788671,1,0
1237648720144105659,150.59449156599,-0.913210000344318,18.66456,17.28546,0.2320606,0.1250905,1,0
1237648720681107522,150.914291154753,-0.623237555576838,20.6881,17.64698,0.2317753,0.1249367,1,0
1237648721217978583,150.849616672211,-0.0279580707740416,19.0774,16.95621,0.1450196,0.07817171,1,0
1237654670272823538,150.893368965177,0.0760116718683118,19.11923,16.13916,0.1399458,0.07543672,1,0
1237648720144040094,150.405833096303,-0.943491695960046,18.46338,16.62945,0.2130015,0.1148168,1,0
1237648720680976601,150.635705664916,-0.463798127843102,18.20683,16.36727,0.2329791,0.1255856,1,0
1237651800160600179,150.631986530551,-0.722588426630687,19.52422,17.48009,0.2394248,0.1290601,1,0
1237648720681042064,150.671128394667,-0.423895777530341,18.37357,16.45966,0.2114934,0.1140039,1,0
1237654669735886981,150.658127787544,-0.371136903293304,19.66835,17.29816,0.1797762,0.09690699,1,0
1237648720680976477,150.635583235701,-0.495148158282144,18.28849,16.22166,0.2498472,0.1346782,1,0
1237654670272692489,150.583170149274,0.0705232279063976,20.08994,17.64885,0.1436647,0.07744136,1,0
1237651800160534629,150.356826082432,-0.696348316294129,18.6326,17.08014,0.185471,0.0999767,1,0
1237651800160534713,150.447015949451,-0.713576851657966,19.20696,17.84523,0.1939978,0.104573,1,0
1237651800160534720,150.463411577037,-0.68125395567627,18.67192,16.6513,0.2071588,0.1116674,1,0
1237648721217781939,150.381782109522,-0.17423776031247,18.51134,16.64483,0.156401,0.08430673,1,0
1237648721217781912,150.367476665705,-0.125775718348218,18.1097,16.47927,0.1559338,0.08405489,1,0
1237651752923562103,150.200610156199,1.23714896520874,18.66784,15.47002,0.08787645,0.04736912,1,0
1237651752386691255,150.331783832809,0.969214330453772,19.60891,17.24976,0.09156437,0.04935707,1,0
1237648721754718448,150.632288764761,0.261138200658245,18.50444,17.09435,0.1215968,0.06554583,1,0
1237648721754718358,150.628448775201,0.307300252785651,16.85163,14.53234,0.1233849,0.06650969,1,0
1237648722291523676,150.356005030991,0.833230734580589,17.18472,15.41513,0.1011426,0.05452013,1,0
1237648722291589219,150.495093262607,0.715260939401216,18.77582,16.62532,0.1100865,0.05934127,1,0
1237651801234407602,150.753113120904,0.181420793335081,19.14063,16.5979,0.1272366,0.06858591,1,0
1237648722291655017,150.703161298294,0.63562605747397,19.48041,17.59751,0.1170222,0.06307993,1,0
1237651801771278588,150.779743465562,0.547712879835675,18.81077,16.51038,0.1130099,0.06091709,1,0
1237648722291654834,150.674040586312,0.833704584592894,19.60865,17.22829,0.1173491,0.06325614,1,0
1237648722291654871,150.75553817771,0.766146480056024,20.03016,17.1576,0.1088083,0.05865225,1,0
1237648721754914959,150.956854174194,0.382816797266143,19.18432,17.45505,0.1277665,0.06887156,1,0
1237648721754914974,150.977852056323,0.280075914596889,20.83145,17.67786,0.1258415,0.0678339,1,0
1237651752386953441,150.92206714037,0.947206744501743,19.02177,16.44366,0.09837669,0.05302919,1,0
1237648722828656744,150.966662223952,1.09524397559589,18.13011,16.32689,0.100638,0.05424812,1,0
1237651802308214980,150.832911260638,1.02679267661961,20.81524,17.7987,0.1021901,0.05508478,1,0
1237651801234604182,151.111960325893,0.177183799128399,18.57433,16.7029,0.1420334,0.07656202,1,0
1237651801234538781,151.079027414535,0.120382278007373,17.97674,16.03593,0.1384008,0.07460387,1,0
1237648721754980554,151.168945313143,0.328516268562239,18.98255,16.88399,0.1530009,0.08247394,1,0
1237648722291916943,151.335813572265,0.648857661767149,19.6578,17.24592,0.1684219,0.09078654,1,0
1237648721755046049,151.332754645336,0.275259061184932,19.22445,17.32724,0.1719685,0.09269831,1,0
1237648722291916929,151.301274947497,0.632184206394599,19.04721,16.95768,0.1718997,0.09266118,1,0
1237651801234669760,151.375858180061,0.13685564326361,20.26507,17.59133,0.179772,0.09690471,1,0
1237648721755242701,151.693849723183,0.290126830875045,20.00856,17.09596,0.135802,0.07320304,1,0
1237648721755177045,151.55762936887,0.368917338489388,19.34179,17.45087,0.1516532,0.08174747,1,0
1237648721755242764,151.778770246192,0.311052745898872,20.17107,17.78103,0.1369408,0.07381686,1,0
1237654670810087640,151.662063796754,0.480571666644849,19.77454,17.59293,0.1521028,0.08198982,1,0
1237648722291785834,150.999600908471,0.806913660323101,17.73709,16.18129,0.1140423,0.0614736,1,0
1237648722291785827,150.994180802791,0.73663067830833,17.84473,16.23185,0.1114622,0.06008281,1,0
1237648721755242749,151.765980205916,0.415939270934112,19.77677,17.3564,0.1457933,0.07858875,1,0
1237651801771802813,151.850140659904,0.55035642927176,18.21336,16.49183,0.1464237,0.07892856,1,0
1237648722828853381,151.422623859186,1.09168582672789,18.46621,16.06238,0.1405235,0.0757481,1,0
1237648722291916909,151.265898698124,0.743215270638588,19.38183,16.85106,0.1504923,0.08112171,1,0
1237648722291916928,151.297839834033,0.835809443951982,18.51734,17.10376,0.1520706,0.0819725,1,0
1237651752387149961,151.289317037285,0.955966416368918,18.27254,15.79273,0.1454693,0.07841409,1,0
1237648721755373912,152.085852666418,0.250631223909088,17.32186,15.86985,0.1230979,0.06635498,1,0
1237648721755308228,151.886171070795,0.396790073227688,20.17835,17.22947,0.1424907,0.07680849,1,0
1237648722292179127,151.888280985566,0.786435947515123,18.79436,16.36192,0.1421959,0.07664958,1,0
1237648722828918970,151.624781440309,1.06988615177605,19.40651,16.92513,0.1496754,0.08068138,1,0
1237648722292179246,151.907659718232,0.704919207273295,19.68355,17.71347,0.1429459,0.07705387,1,0
1237654670810218804,152.031624935999,0.445157770888886,20.50088,17.59278,0.1445292,0.07790736,1,0
1237648721755373802,152.000321807107,0.264709970282174,19.40411,17.72798,0.1329694,0.07167611,1,0
1237651801771802916,151.95948377258,0.592803203497911,18.12387,16.36218,0.1480449,0.07980244,1,0
1237648722292179202,151.978197630375,0.630087734308814,19.82565,17.3955,0.1504409,0.08109401,1,0
1237651801771802635,151.855739022091,0.627614803106218,17.12478,15.71184,0.1463828,0.07890653,1,0
1237651801234931916,151.914734193979,0.185611462677981,18.48247,16.66521,0.1310061,0.07061782,1,0
1237648720145481899,153.650875068716,-0.887626031802133,18.57345,16.10568,0.1708918,0.09211791,1,0
1237648721219289213,153.830733185455,-0.0843891604596085,20.07228,17.67318,0.1533502,0.08266222,1,0
1237651800698913060,153.892995569357,-0.297343682731281,18.81638,16.88336,0.1610869,0.08683263,1,0
1237648720682418324,153.813706021241,-0.602637358697844,20.58506,17.06491,0.179322,0.09666216,1,0
1237648721219223677,153.649436169026,-0.155260350008884,19.06604,16.5843,0.1466051,0.07902634,1,0
1237648720145350917,153.417098594503,-0.863705547803251,18.71924,16.20753,0.1780482,0.0959755,1,0
1237648720145350674,153.426075777506,-0.907198326395588,19.23868,16.41623,0.1814073,0.09778623,1,0
1237648720682287313,153.595670130967,-0.625326208656343,17.70329,15.63778,0.1665898,0.08979894,1,0
1237654669200326908,153.700537590461,-0.764472917059211,18.50352,15.56197,0.174838,0.09424507,1,0
1237648720682287308,153.587959599574,-0.507679225198337,19.80485,17.07335,0.1580738,0.08520845,1,0
1237654669200195727,153.340398588679,-0.781440420015048,18.71893,17.38888,0.1585232,0.0854507,1,0
1237651800698716545,153.473218078398,-0.318870116971069,18.73167,16.37215,0.1481343,0.07985064,1,0
1237654669199933583,152.743619920446,-0.803865228047241,17.40358,15.11069,0.204715,0.1103501,1,0
1237648720145088826,152.86454073104,-0.959212875547766,20.13801,17.66688,0.200247,0.1079416,1,0
1237654669736804534,152.771359528913,-0.386798823530297,19.45195,17.10094,0.1670191,0.09003036,1,0
1237654669736804557,152.791088609584,-0.39943659261099,18.2152,16.51287,0.1679412,0.09052739,1,0
1237648721219027185,153.323601223597,-0.0811633358878404,20.56945,17.80384,0.1504031,0.08107364,1,0
1237648721219092677,153.349175568983,-0.113108680539065,20.21928,17.40084,0.1493251,0.08049252,1,0
1237648721219027074,153.307180519516,-0.089089747563839,19.46668,17.2126,0.1508355,0.08130669,1,0
1237648720682025049,152.889884355189,-0.56898257653621,20.49039,17.68558,0.176857,0.09533341,1,0
1237651800698454139,152.72960910129,-0.305218046716247,19.11213,17.03548,0.1552808,0.08370289,1,0
1237651800161517722,152.664918088896,-0.72867270212376,19.24816,16.9184,0.1935671,0.1043408,1,0
1237648721218765006,152.716994596474,-0.13428038179901,18.00762,15.91102,0.1350661,0.07280634,1,0
1237654669736738929,152.592225827758,-0.376313533358756,23.68913,17.31967,0.1560644,0.0841253,1,0
1237648721218764937,152.640765334346,-0.186118833599337,19.75773,17.79504,0.1321994,0.07126105,1,0
1237651800698323002,152.430683701142,-0.294060698481821,18.57474,16.5094,0.1352729,0.07291783,1,0
1237648720681828464,152.463777580374,-0.546612047818867,19.11394,16.95012,0.1536312,0.08281371,1,0
1237648720681828530,152.58499763327,-0.481786072071185,19.72998,16.75533,0.1534808,0.08273266,1,0
1237648720681828566,152.533094111302,-0.597765216856675,20.5306,17.81053,0.1666844,0.08984996,1,0
1237648721218699441,152.505930978519,-0.19791262720974,19.0777,17.26574,0.1177109,0.06345113,1,0
1237654669736673344,152.42615451297,-0.367684517935387,18.35239,16.15604,0.1395842,0.07524179,1,0
1237651800698323064,152.498933381748,-0.216252327921299,20.03853,17.27566,0.1205727,0.06499378,1,0
1237648721218699400,152.463010730857,-0.121920000876416,18.56175,16.56483,0.1096284,0.05909436,1,0
1237651800698323091,152.546953156187,-0.252927693764099,18.78893,16.44552,0.1356612,0.07312711,1,0
1237651800698257716,152.385704130472,-0.237362077426149,17.78233,15.71006,0.1314687,0.07086718,1,0
1237651800698257726,152.39427281701,-0.266426357098035,20.26716,16.5939,0.1351957,0.07287621,1,0
1237651800698257707,152.368753752526,-0.240271225907461,19.41762,17.3548,0.1328493,0.07161137,1,0
1237654669199671557,152.204930790651,-0.791295067190521,20.40093,17.56119,0.1775377,0.09570031,1,0
1237654669199671546,152.185570539341,-0.775470022548579,19.19719,16.86328,0.1779717,0.09593429,1,0
1237648720144892145,152.31117568145,-1.04536685898738,18.95972,16.80281,0.206842,0.1114966,1,0
1237651800698192065,152.225687785568,-0.280254912899926,19.78885,16.86966,0.1393947,0.07513965,1,0
1237654669736607957,152.267764615567,-0.379195206122034,18.70963,16.52307,0.1382847,0.07454128,1,0
1237648721218568388,152.229977135635,-0.0680080825370309,18.61787,15.77635,0.1217839,0.06564668,1,0
1237648720144695532,151.988790615938,-0.936754950931115,21.23478,17.61568,0.1743538,0.09398405,1,0
1237648720144629984,151.761019628532,-0.997464500377709,19.26774,16.99777,0.1721041,0.0927714,1,0
1237651800161321169,152.13330296351,-0.666838100104238,15.76792,13.87255,0.1745199,0.09407362,1,0
1237651800161321347,152.198495321807,-0.706849471844779,18.76494,17.08445,0.173856,0.09371573,1,0
1237651752387412109,151.957371154954,0.881253242511568,19.1904,17.1395,0.1471017,0.07929404,1,0
1237648722829050034,151.858156603672,1.17592029657665,18.91795,16.86709,0.1481392,0.07985327,1,0
1237651801771868399,151.984203179209,0.623427037300509,19.57226,17.35457,0.1501436,0.08093375,1,0
1237654670810284249,152.130823680128,0.456485238222537,18.80016,16.33465,0.1367622,0.07372062,1,0
1237648721218502878,152.120786100109,-0.00276408113961549,19.14544,17.27913,0.1280531,0.06902604,1,0
1237648721755373963,152.130397069492,0.356628955020805,18.08295,16.53866,0.132081,0.07119723,1,0
1237654670810218860,152.082312730383,0.451958470895306,19.45614,17.35401,0.1427399,0.07694282,1,0
1237651801771868425,152.003524595708,0.602810097319237,20.06632,17.20377,0.1488938,0.08026005,1,0
1237648722292310188,152.174109931786,0.69451324196675,20.16699,17.77074,0.1406929,0.07583944,1,0
1237648722292244751,152.06303992508,0.659540079517948,19.45054,17.12734,0.1424927,0.07680957,1,0
1237651801771933922,152.178339354278,0.617113526129863,20.9089,17.67707,0.1294142,0.06975973,1,0
1237651801235062909,152.147739830642,0.166067385305123,18.70064,16.22669,0.1208222,0.06512826,1,0
1237651801235062817,152.224415753631,0.112352692400582,18.03364,16.22085,0.1177358,0.06346457,1,0
1237651752387608697,152.374750949361,0.98660104812695,19.6202,17.76314,0.1500177,0.08086589,1,0
1237648721218568482,152.280348681703,-0.0327754936978907,20.50857,17.80941,0.1214285,0.06545507,1,0
1237648721218633973,152.381681963501,-0.0409471636424254,18.33605,16.38928,0.1127162,0.0607588,1,0
1237651752387739852,152.584681061509,0.958313789342107,19.16318,16.81332,0.1518683,0.08186346,1,0
1237648722292441267,152.441133940042,0.803063361679297,19.85326,17.5323,0.1400021,0.07546702,1,0
1237651752387739910,152.654909284674,1.02669229490775,18.98738,17.15073,0.1453857,0.07836903,1,0
1237648722829312116,152.443139399272,1.1626418221048,19.16702,16.42835,0.1497333,0.08071256,1,0
1237648722292441335,152.527565117203,0.835741600709711,18.92421,17.2302,0.1428318,0.0769924,1,0
1237648721755570433,152.519492442876,0.354572544829981,20.68883,17.58829,0.1327269,0.0715454,1,0
1237648721218699455,152.528980855089,-0.0577001351457921,18.52833,16.73657,0.1085345,0.0585047,1,0
1237648721218764929,152.632595849236,-0.0273033623626912,19.31081,17.58301,0.115015,0.06199796,1,0
1237648721755570371,152.43936878858,0.395772092929287,20.01391,17.07692,0.1232456,0.06643461,1,0
1237648721755570497,152.570594865356,0.333714121723692,18.66176,17.00254,0.1344978,0.0725,1,0
1237654670810546312,152.824435116752,0.442414387793774,14.92467,13.35085,0.156435,0.08432508,1,0
1237648721755635953,152.71060374199,0.290040533468656,19.70059,17.72468,0.1286096,0.06932602,1,0
1237651801772458199,153.336524281941,0.529685975503208,19.81592,17.38841,0.1409598,0.07598328,1,0
1237651801235521734,153.315222675172,0.179300404394104,18.69355,16.9167,0.1464589,0.07894752,1,0
1237651801235521713,153.288696710654,0.100743319123174,20.06648,17.5039,0.1479508,0.07975175,1,0
1237654670810743021,153.298754840866,0.445190076789393,21.05337,17.62989,0.1447017,0.07800032,1,0
1237651801772523868,153.495279820449,0.567896384851514,19.49456,17.74588,0.1474245,0.07946803,1,0
1237651801772458121,153.469090325748,0.550945610397303,16.74388,14.66115,0.1475585,0.07954025,1,0
1237651801772458208,153.345250372289,0.627987825984205,19.84081,17.47786,0.1461193,0.0787645,1,0
1237648721755963641,153.38278953748,0.418594207665859,19.45029,17.49698,0.1409948,0.07600217,1,0
1237651801235587084,153.336208783791,0.11545280003847,18.56975,17.12668,0.1471167,0.07930212,1,0
1237648721219092700,153.385339937297,-0.0365651575695035,19.81801,17.29062,0.1443911,0.07783292,1,0
1237648722829377732,152.734948889145,1.0720624138123,17.43543,15.93004,0.1517596,0.08180484,1,0
1237648722292572320,152.800196953722,0.824148634993459,19.61918,17.67484,0.1450302,0.07817742,1,0
1237648722292572357,152.841160709997,0.810034385306338,19.68278,17.12555,0.1437045,0.07746278,1,0
1237648721756029150,153.605064255481,0.302108225311343,19.82549,16.87592,0.146674,0.07906348,1,0
1237654670274003129,153.566482970481,0.075066788925322,19.98501,17.56185,0.1293128,0.06970506,1,0
1237648721756029029,153.507918327773,0.362041117660716,18.89479,17.23689,0.1441336,0.0776941,1,0
1237648721219158138,153.496832841203,-0.0609322228963041,20.06157,17.34916,0.1339373,0.07219786,1,0
1237651752387870976,152.893534105501,0.919417904067188,20.72664,17.81971,0.1544301,0.08324437,1,0
1237648721756094689,153.766382776305,0.352214469612217,19.29163,16.45842,0.1421783,0.07664014,1,0
1237654670274068650,153.726818693491,0.0194162682890041,19.09397,17.45818,0.1335978,0.07201488,1,0
1237648721756094607,153.676390685313,0.240304342363934,19.40148,16.96523,0.1364981,0.07357824,1,0
1237648722829639877,153.327761353001,1.06815728950331,18.89026,17.16841,0.161148,0.08686557,1,0
1237654670811005149,153.866984484468,0.460273170131129,18.91288,16.39739,0.1506749,0.08122014,1,0
1237648721756160183,153.900516561521,0.358710966045823,20.0027,17.5869,0.1440482,0.07764806,1,0
1237648720146137229,155.18181557145,-1.01697662194331,18.38314,16.47413,0.2301294,0.1240495,1,0
1237648720146202879,155.359819181381,-0.877380212397833,17.96887,15.74444,0.2322852,0.1252115,1,0
1237648720146202836,155.284071512289,-0.855305880659693,18.96597,16.81948,0.2312899,0.1246751,1,0
1237654669201047668,155.262728400963,-0.778700966255972,17.4547,15.9437,0.216482,0.1166929,1,0
1237648720146137223,155.14789044368,-0.984478877569436,19.22036,16.9905,0.2194327,0.1182835,1,0
1237654669737984115,155.40575479322,-0.396016456777464,18.59725,16.64528,0.1993947,0.1074822,1,0
1237651800699699382,155.695720100035,-0.304334172955585,19.75583,17.56342,0.2011763,0.1084425,1,0
1237648720683073575,155.342834363218,-0.466223956043818,18.40963,16.26404,0.219526,0.1183338,1,0
1237648721220010121,155.48400073013,-0.0715215394280345,19.3514,16.98198,0.2042603,0.1101049,1,0
1237654669738049718,155.668083804884,-0.33634827871426,18.65051,16.90249,0.2000807,0.107852,1,0
1237648720145940622,154.786135860242,-1.02955661219608,18.91946,17.04905,0.2324228,0.1252857,1,0
1237648720683335776,155.905758139968,-0.456405253198072,19.12611,17.02319,0.2566133,0.1383254,1,0
1237648720146006363,154.892649418059,-1.00933419521486,18.61555,17.11017,0.2187852,0.1179345,1,0
1237651800162566337,155.052851350896,-0.686599961346023,19.23509,16.61323,0.2057184,0.1108909,1,0
1237651800162631730,155.191822860737,-0.683815048309424,20.42482,17.2551,0.2058001,0.110935,1,0
1237648721219879116,155.248146712899,-0.176081021325154,18.38818,15.70703,0.1863777,0.1004655,1,0
1237654669200720021,154.578023009838,-0.797933463525676,18.95455,17.20712,0.2625067,0.1415022,1,0
1237654669200654588,154.457697832458,-0.829296753952816,17.88151,15.52334,0.2387332,0.1286873,1,0
1237648720682877113,154.973745216979,-0.620897656901943,20.45218,17.59433,0.2240101,0.1207509,1,0
1237654669200851094,154.903837392421,-0.764581011193396,20.46667,17.83136,0.2152128,0.1160088,1,0
1237648721219748023,154.864283732507,-0.0345391738197167,18.44351,16.31763,0.1988925,0.1072115,1,0
1237654669200588991,154.218847846947,-0.775021737184152,19.87502,16.66404,0.2040726,0.1100037,1,0
1237648720145744013,154.238747303675,-0.875387320952482,19.63166,17.37331,0.2077781,0.1120012,1,0
1237648720145678659,154.210152751959,-0.878742507743369,19.62466,16.89009,0.2054228,0.1107316,1,0
